raw_target,target_norm,status,error,block_targets,c2f_hidden_targets,c2f_bn_cv1_targets,c2f_bn_cv2_targets,sppf_hidden_targets,changed_paths,base_params,pruned_params_preft,postft_params,base_mb,saved_mb_preft,saved_mb_postft,base_map50_95,preft_map50_95,postft_map50_95,base_map50,preft_map50,postft_map50,base_lat_ms,preft_lat_ms,postft_lat_ms,base_fps,preft_fps,postft_fps,train_box_loss_last,train_cls_loss_last,train_dfl_loss_last,run_dir
model.0.conv,model.0,ok_preft_only,,0,,,,,model.0,3151904,3156566,3156566,12.0235595703125,-0.01778411865234375,-0.01778411865234375,0.3714722735825037,0.3550628003131952,0.3550628003131952,0.5211115330751224,0.49934146897334164,0.49934146897334164,1.6563114899676294,1.635115900496021,1.635115900496021,603.7511700287388,611.5774421229986,611.5774421229986,,,,
model.1.conv,model.1,ok_preft_only,,1,,,,,model.1,3151904,3156666,3156666,12.0235595703125,-0.01816558837890625,-0.01816558837890625,0.3714722735825037,0.28358197207960945,0.28358197207960945,0.5211115330751224,0.4066633201162828,0.4066633201162828,1.6563114899676294,1.5563131572213023,1.5563131572213023,603.7511700287388,642.5442047829475,642.5442047829475,,,,
model.2.cv1.conv,model.2.cv1,ok_preft_only,,,2,,,,model.2.cv1,3151904,3155784,3155784,12.0235595703125,-0.014801025390625,-0.014801025390625,0.3714722735825037,0.01152339862910287,0.01152339862910287,0.5211115330751224,0.020447590473840593,0.020447590473840593,1.6563114899676294,1.537921797623858,1.537921797623858,603.7511700287388,650.2281205357999,650.2281205357999,,,,
model.2.cv2.conv,model.2.cv2,ok_preft_only,,2,,,,,model.2,3151904,3155322,3155322,12.0235595703125,-0.01303863525390625,-0.01303863525390625,0.3714722735825037,0.35648873099641065,0.35648873099641065,0.5211115330751224,0.5017041549462988,0.5017041549462988,1.6563114899676294,1.5773798002395778,1.5773798002395778,603.7511700287388,633.9627272062927,633.9627272062927,,,,
model.2.m.0.cv1.conv,model.2.m.0.cv1,ok_preft_only,,,,2.0,,,model.2.m.0.cv1,3151904,3156620,3156620,12.0235595703125,-0.0179901123046875,-0.0179901123046875,0.3714722735825037,0.36351054528074656,0.36351054528074656,0.5211115330751224,0.5115341655896287,0.5115341655896287,1.6563114899676294,1.5601454741321503,1.5601454741321503,603.7511700287388,640.9658692605329,640.9658692605329,,,,
model.2.m.0.cv2.conv,model.2.m.0.cv2,ok_preft_only,,,,,2.0,,model.2.m.0.cv2,3151904,3156844,3156844,12.0235595703125,-0.0188446044921875,-0.0188446044921875,0.3714722735825037,0.11381448611859091,0.11381448611859091,0.5211115330751224,0.17120051731973734,0.17120051731973734,1.6563114899676294,1.550751138338819,1.550751138338819,603.7511700287388,644.8487931282194,644.8487931282194,,,,
model.3.conv,model.3,ok_preft_only,,3,,,,,model.3,3151904,3155076,3155076,12.0235595703125,-0.0121002197265625,-0.0121002197265625,0.3714722735825037,0.36542553497013336,0.36542553497013336,0.5211115330751224,0.5148200798968491,0.5148200798968491,1.6563114899676294,1.5557950153946878,1.5557950153946878,603.7511700287388,642.7581976448943,642.7581976448943,,,,
model.4.cv1.conv,model.4.cv1,ok_preft_only,,,4,,,,model.4.cv1,3151904,3149424,3149424,12.0235595703125,0.00946044921875,0.00946044921875,0.3714722735825037,0.3068391577427625,0.3068391577427625,0.5211115330751224,0.4379802184944516,0.4379802184944516,1.6563114899676294,1.5481401364784688,1.5481401364784688,603.7511700287388,645.9363570759718,645.9363570759718,,,,
model.4.cv2.conv,model.4.cv2,ok_preft_only,,4,,,,,model.4,3151904,3149124,3149124,12.0235595703125,0.0106048583984375,0.0106048583984375,0.3714722735825037,0.3589883340254969,0.3589883340254969,0.5211115330751224,0.5038703194557864,0.5038703194557864,1.6563114899676294,1.556435838341713,1.556435838341713,603.7511700287388,642.4935582731368,642.4935582731368,,,,
model.4.m.0.cv1.conv,model.4.m.0.cv1,ok_preft_only,,,,4.0,,,model.4.m.0.cv1,3151904,3155466,3155466,12.0235595703125,-0.01358795166015625,-0.01358795166015625,0.3714722735825037,0.3652392744327109,0.3652392744327109,0.5211115330751224,0.5133242545361008,0.5133242545361008,1.6563114899676294,1.5586353376507758,1.5586353376507758,603.7511700287388,641.5868906881269,641.5868906881269,,,,
model.4.m.0.cv2.conv,model.4.m.0.cv2,ok_preft_only,,,,,4.0,,model.4.m.0.cv2,3151904,3155274,3155274,12.0235595703125,-0.01285552978515625,-0.01285552978515625,0.3714722735825037,0.002312189958176929,0.002312189958176929,0.5211115330751224,0.004263782798098228,0.004263782798098228,1.6563114899676294,1.5600390708539635,1.5600390708539635,603.7511700287388,641.0095866718269,641.0095866718269,,,,
model.4.m.1.cv1.conv,model.4.m.1.cv1,ok_preft_only,,,,4.1,,,model.4.m.1.cv1,3151904,3155466,3155466,12.0235595703125,-0.01358795166015625,-0.01358795166015625,0.3714722735825037,0.364342404363762,0.364342404363762,0.5211115330751224,0.5113221690055202,0.5113221690055202,1.6563114899676294,1.535599912237376,1.535599912237376,603.7511700287388,651.2112901484837,651.2112901484837,,,,
model.4.m.1.cv2.conv,model.4.m.1.cv2,ok_preft_only,,,,,4.1,,model.4.m.1.cv2,3151904,3156138,3156138,12.0235595703125,-0.01615142822265625,-0.01615142822265625,0.3714722735825037,0.018585233363018684,0.018585233363018684,0.5211115330751224,0.03165849815774549,0.03165849815774549,1.6563114899676294,1.517789299832657,1.517789299832657,603.7511700287388,658.852977887151,658.852977887151,,,,
model.5.conv,model.5,ok_preft_only,,5,,,,,model.5,3151904,3148022,3148022,12.0235595703125,0.01480865478515625,0.01480865478515625,0.3714722735825037,0.367586744871636,0.367586744871636,0.5211115330751224,0.51603663914382,0.51603663914382,1.6563114899676294,1.5629710947629065,1.5629710947629065,603.7511700287388,639.8070977452684,639.8070977452684,,,,
model.6.cv1.conv,model.6.cv1,ok_preft_only,,,6,,,,model.6.cv1,3151904,3126168,3126168,12.0235595703125,0.098175048828125,0.098175048828125,0.3714722735825037,0.3054139676177526,0.3054139676177526,0.5211115330751224,0.4372736399079802,0.4372736399079802,1.6563114899676294,1.5617336561437696,1.5617336561437696,603.7511700287388,640.3140484717468,640.3140484717468,,,,
model.6.cv2.conv,model.6.cv2,ok_preft_only,,6,,,,,model.6,3151904,3122230,3122230,12.0235595703125,0.11319732666015625,0.11319732666015625,0.3714722735825037,0.3488122868279746,0.3488122868279746,0.5211115330751224,0.4905377782725274,0.4905377782725274,1.6563114899676294,1.5891512123402207,1.5891512123402207,603.7511700287388,629.2667382655027,629.2667382655027,,,,
model.6.m.0.cv1.conv,model.6.m.0.cv1,ok_preft_only,,,,6.0,,,model.6.m.0.cv1,3151904,3150276,3150276,12.0235595703125,0.0062103271484375,0.0062103271484375,0.3714722735825037,0.3675280111947643,0.3675280111947643,0.5211115330751224,0.5164477844513152,0.5164477844513152,1.6563114899676294,1.5507235289551318,1.5507235289551318,603.7511700287388,644.860274141706,644.860274141706,,,,
model.6.m.0.cv2.conv,model.6.m.0.cv2,ok_preft_only,,,,,6.0,,model.6.m.0.cv2,3151904,3149508,3149508,12.0235595703125,0.0091400146484375,0.0091400146484375,0.3714722735825037,0.06218122705356551,0.06218122705356551,0.5211115330751224,0.1030146380896304,0.1030146380896304,1.6563114899676294,1.5307776919566094,1.5307776919566094,603.7511700287388,653.2627208081534,653.2627208081534,,,,
model.6.m.1.cv1.conv,model.6.m.1.cv1,ok_preft_only,,,,6.1,,,model.6.m.1.cv1,3151904,3150276,3150276,12.0235595703125,0.0062103271484375,0.0062103271484375,0.3714722735825037,0.3682722986492152,0.3682722986492152,0.5211115330751224,0.517975859820056,0.517975859820056,1.6563114899676294,1.5272815788630396,1.5272815788630396,603.7511700287388,654.7581099907156,654.7581099907156,,,,
model.6.m.1.cv2.conv,model.6.m.1.cv2,ok_preft_only,,,,,6.1,,model.6.m.1.cv2,3151904,3152964,3152964,12.0235595703125,-0.0040435791015625,-0.0040435791015625,0.3714722735825037,0.25071001558071543,0.25071001558071543,0.5211115330751224,0.36132178146381955,0.36132178146381955,1.6563114899676294,1.5498743639327586,1.5498743639327586,603.7511700287388,645.213588450183,645.213588450183,,,,
model.7.conv,model.7,ok_preft_only,,7,,,,,model.7,3151904,3120540,3120540,12.0235595703125,0.1196441650390625,0.1196441650390625,0.3714722735825037,0.3649331236165682,0.3649331236165682,0.5211115330751224,0.5164109158297283,0.5164109158297283,1.6563114899676294,1.5679247982800006,1.5679247982800006,603.7511700287388,637.7856904214991,637.7856904214991,,,,
model.8.cv1.conv,model.8.cv1,ok_preft_only,,,8,,,,model.8.cv1,3151904,3083594,3083594,12.0235595703125,0.26058197021484375,0.26058197021484375,0.3714722735825037,0.32103431499621043,0.32103431499621043,0.5211115330751224,0.4577230152061941,0.4577230152061941,1.6563114899676294,1.5603691677562892,1.5603691677562892,603.7511700287388,640.8739807631138,640.8739807631138,,,,
model.8.cv2.conv,model.8.cv2,ok_preft_only,,8,,,,,model.8,3151904,3143836,3143836,12.0235595703125,0.0307769775390625,0.0307769775390625,0.3714722735825037,0.3669304355389624,0.3669304355389624,0.5211115330751224,0.5155491835076099,0.5155491835076099,1.6563114899676294,1.5294726340565832,1.5294726340565832,603.7511700287388,653.8201323339302,653.8201323339302,,,,
model.8.m.0.cv1.conv,model.8.m.0.cv1,ok_preft_only,,,,8.0,,,model.8.m.0.cv1,3151904,3127222,3127222,12.0235595703125,0.09415435791015625,0.09415435791015625,0.3714722735825037,0.3063572751943455,0.3063572751943455,0.5211115330751224,0.4533545374278857,0.4533545374278857,1.6563114899676294,1.5567799077834934,1.5567799077834934,603.7511700287388,642.3515584960089,642.3515584960089,,,,
model.8.m.0.cv2.conv,model.8.m.0.cv2,ok_preft_only,,,,,8.0,,model.8.m.0.cv2,3151904,3138870,3138870,12.0235595703125,0.04972076416015625,0.04972076416015625,0.3714722735825037,0.36198592317429834,0.36198592317429834,0.5211115330751224,0.5104529732769066,0.5104529732769066,1.6563114899676294,1.5485611580312253,1.5485611580312253,603.7511700287388,645.7607404226497,645.7607404226497,,,,
model.9.cv1.conv,model.9.cv1,ok_preft_only,,,,,,9,model.9.cv1,3151904,3140534,3140534,12.0235595703125,0.04337310791015625,0.04337310791015625,0.3714722735825037,0.3016285371743303,0.3016285371743303,0.5211115330751224,0.4433960650875809,0.4433960650875809,1.6563114899676294,1.5563117808662355,1.5563117808662355,603.7511700287388,642.5447730296078,642.5447730296078,,,,
model.9.cv2.conv,model.9.cv2,ok_preft_only,,9,,,,,model.9,3151904,3133852,3133852,12.0235595703125,0.0688629150390625,0.0688629150390625,0.3714722735825037,0.3632039154691851,0.3632039154691851,0.5211115330751224,0.5096593918167371,0.5096593918167371,1.6563114899676294,1.5500689584296197,1.5500689584296197,603.7511700287388,645.132588819212,645.132588819212,,,,
model.12.cv1.conv,model.12.cv1,ok_preft_only,,,12,,,,model.12.cv1,3151904,3137064,3137064,12.0235595703125,0.056610107421875,0.056610107421875,0.3714722735825037,0.3553290023378403,0.3553290023378403,0.5211115330751224,0.5017430196610981,0.5017430196610981,1.6563114899676294,1.5502070283982903,1.5502070283982903,603.7511700287388,645.0751297607153,645.0751297607153,,,,
model.12.cv2.conv,model.12.cv2,ok_preft_only,,12,,,,,model.12,3151904,3152182,3152182,12.0235595703125,-0.00106048583984375,-0.00106048583984375,0.3714722735825037,0.36625690806637384,0.36625690806637384,0.5211115330751224,0.5149592162694688,0.5149592162694688,1.6563114899676294,1.5324673146475105,1.5324673146475105,603.7511700287388,652.54246563165,652.54246563165,,,,
model.12.m.0.cv1.conv,model.12.m.0.cv1,ok_preft_only,,,,12.0,,,model.12.m.0.cv1,3151904,3150276,3150276,12.0235595703125,0.0062103271484375,0.0062103271484375,0.3714722735825037,0.3692620244587569,0.3692620244587569,0.5211115330751224,0.5177268984573442,0.5177268984573442,1.6563114899676294,1.5856611320283263,1.5856611320283263,603.7511700287388,630.6517702939672,630.6517702939672,,,,
model.12.m.0.cv2.conv,model.12.m.0.cv2,ok_preft_only,,,,,12.0,,model.12.m.0.cv2,3151904,3152964,3152964,12.0235595703125,-0.0040435791015625,-0.0040435791015625,0.3714722735825037,0.3697231415461805,0.3697231415461805,0.5211115330751224,0.5181800265960607,0.5181800265960607,1.6563114899676294,1.5455489038489758,1.5455489038489758,603.7511700287388,647.0193194855486,647.0193194855486,,,,
model.15.cv1.conv,model.15.cv1,ok_preft_only,,,15,,,,model.15.cv1,3151904,3152154,3152154,12.0235595703125,-0.00095367431640625,-0.00095367431640625,0.3714722735825037,0.3434847509557599,0.3434847509557599,0.5211115330751224,0.4880026243898136,0.4880026243898136,1.6563114899676294,1.5379428588785231,1.5379428588785231,603.7511700287388,650.2192160306956,650.2192160306956,,,,
model.15.cv2.conv,model.15.cv2,ok_preft_only,,15,,,,,model.15,3151904,3145380,3145380,12.0235595703125,0.0248870849609375,0.0248870849609375,0.3714722735825037,0.36440140667121,0.36440140667121,0.5211115330751224,0.512136294443467,0.512136294443467,1.6563114899676294,1.5366409748326986,1.5366409748326986,603.7511700287388,650.7700994429586,650.7700994429586,,,,
model.15.m.0.cv1.conv,model.15.m.0.cv1,ok_preft_only,,,,15.0,,,model.15.m.0.cv1,3151904,3155466,3155466,12.0235595703125,-0.01358795166015625,-0.01358795166015625,0.3714722735825037,0.36900688164381756,0.36900688164381756,0.5211115330751224,0.5187272806437406,0.5187272806437406,1.6563114899676294,1.537336382921785,1.537336382921785,603.7511700287388,650.4757261383809,650.4757261383809,,,,
model.15.m.0.cv2.conv,model.15.m.0.cv2,ok_preft_only,,,,,15.0,,model.15.m.0.cv2,3151904,3156138,3156138,12.0235595703125,-0.01615142822265625,-0.01615142822265625,0.3714722735825037,0.3684016744996481,0.3684016744996481,0.5211115330751224,0.5185243503572958,0.5185243503572958,1.6563114899676294,1.5323868709150703,1.5323868709150703,603.7511700287388,652.576721309839,652.576721309839,,,,
model.16.conv,model.16,ok_preft_only,,16,,,,,model.16,3151904,3152964,3152964,12.0235595703125,-0.0040435791015625,-0.0040435791015625,0.3714722735825037,0.3699414811347437,0.3699414811347437,0.5211115330751224,0.5195916525091036,0.5195916525091036,1.6563114899676294,1.5422726824413984,1.5422726824413984,603.7511700287388,648.393770689767,648.393770689767,,,,
model.18.cv1.conv,model.18.cv1,ok_preft_only,,,18,,,,model.18.cv1,3151904,3139368,3139368,12.0235595703125,0.047821044921875,0.047821044921875,0.3714722735825037,0.35356858784373124,0.35356858784373124,0.5211115330751224,0.5035917053329714,0.5035917053329714,1.6563114899676294,1.5973406283650546,1.5973406283650546,603.7511700287388,626.0405465448795,626.0405465448795,,,,
model.18.cv2.conv,model.18.cv2,ok_preft_only,,18,,,,,model.18,3151904,3122854,3122854,12.0235595703125,0.11081695556640625,0.11081695556640625,0.3714722735825037,0.36793443617469024,0.36793443617469024,0.5211115330751224,0.5184313750113665,0.5184313750113665,1.6563114899676294,1.5499992342665792,1.5499992342665792,603.7511700287388,645.1616090463264,645.1616090463264,,,,
model.18.m.0.cv1.conv,model.18.m.0.cv1,ok_preft_only,,,,18.0,,,model.18.m.0.cv1,3151904,3150276,3150276,12.0235595703125,0.0062103271484375,0.0062103271484375,0.3714722735825037,0.34872402843924283,0.34872402843924283,0.5211115330751224,0.5009625956983506,0.5009625956983506,1.6563114899676294,1.5571616294793784,1.5571616294793784,603.7511700287388,642.194092808683,642.194092808683,,,,
model.18.m.0.cv2.conv,model.18.m.0.cv2,ok_preft_only,,,,,18.0,,model.18.m.0.cv2,3151904,3152964,3152964,12.0235595703125,-0.0040435791015625,-0.0040435791015625,0.3714722735825037,0.3683220742804185,0.3683220742804185,0.5211115330751224,0.5187697566721138,0.5187697566721138,1.6563114899676294,1.5610729171428828,1.5610729171428828,603.7511700287388,640.5850674997466,640.5850674997466,,,,
model.19.conv,model.19,ok_preft_only,,19,,,,,model.19,3151904,3138870,3138870,12.0235595703125,0.04972076416015625,0.04972076416015625,0.3714722735825037,0.3688045784624657,0.3688045784624657,0.5211115330751224,0.5182271410517345,0.5182271410517345,1.6563114899676294,1.555498730717227,1.555498730717227,603.7511700287388,642.8806274492482,642.8806274492482,,,,
model.21.cv1.conv,model.21.cv1,ok_preft_only,,,21,,,,model.21.cv1,3151904,3080266,3080266,12.0235595703125,0.27327728271484375,0.27327728271484375,0.3714722735825037,0.3518404806962494,0.3518404806962494,0.5211115330751224,0.5055403902551724,0.5055403902551724,1.6563114899676294,1.58670127177611,1.58670127177611,603.7511700287388,630.2383553777753,630.2383553777753,,,,
model.21.cv2.conv,model.21.cv2,ok_preft_only,,21,,,,,model.21,3151904,3113468,3113468,12.0235595703125,0.1466217041015625,0.1466217041015625,0.3714722735825037,0.3694264400690759,0.3694264400690759,0.5211115330751224,0.5196713090009359,0.5196713090009359,1.6563114899676294,1.5507703270763158,1.5507703270763158,603.7511700287388,644.8408139748914,644.8408139748914,,,,
model.21.m.0.cv1.conv,model.21.m.0.cv1,ok_preft_only,,,,21.0,,,model.21.m.0.cv1,3151904,3127222,3127222,12.0235595703125,0.09415435791015625,0.09415435791015625,0.3714722735825037,0.36835282571755146,0.36835282571755146,0.5211115330751224,0.5203661026224486,0.5203661026224486,1.6563114899676294,1.5454545348882676,1.5454545348882676,603.7511700287388,647.0588279533551,647.0588279533551,,,,
model.21.m.0.cv2.conv,model.21.m.0.cv2,ok_preft_only,,,,,21.0,,model.21.m.0.cv2,3151904,3138870,3138870,12.0235595703125,0.04972076416015625,0.04972076416015625,0.3714722735825037,0.36925300439249265,0.36925300439249265,0.5211115330751224,0.5194240045545442,0.5194240045545442,1.6563114899676294,1.5461276726331563,1.5461276726331563,603.7511700287388,646.7771178928159,646.7771178928159,,,,
