target,target_channels_before,parity_mode,requested_keep,actual_keep,prune_pct_requested,prune_pct_actual,params_after,saved_params,saved_params_pct,saved_mb,base_lat_mean_ms,lat_mean_ms,lat_median_ms,lat_std_ms,speedup_ratio,lat_delta_ms,base_fps_mean,fps_mean,base_map50_95,map50_95,acc_delta_abs,acc_delta_pct,base_map50,map50,status,error
model.21.cv2,256,any,256,256,0.0,0.0,3157200,0,0.0,0.0,4.438045,4.264618,4.25984,0.023196,1.040667,0.173427,225.324433,234.487596,0.371472,0.371479,6e-06,0.0017,0.521112,0.521155,ok,
model.21.cv2,256,any,230,230,10.1562,10.1562,3113468,43732,1.3852,0.166824,4.438045,4.547799,4.542032,0.025235,0.975867,-0.109753,225.324433,219.886609,0.371472,0.369267,-0.002206,-0.5937,0.521112,0.519864,ok,
model.21.cv2,256,any,205,205,19.9219,19.9219,3071418,85782,2.717,0.327232,4.438045,4.417962,4.41216,0.033188,1.004546,0.020083,225.324433,226.348699,0.371472,0.365452,-0.006021,-1.6207,0.521112,0.517267,ok,
model.21.cv2,256,any,179,179,30.0781,30.0781,3027686,129514,4.1022,0.494057,4.438045,4.449652,4.438592,0.038323,0.997391,-0.011607,225.324433,224.736669,0.371472,0.355112,-0.01636,-4.4042,0.521112,0.510176,ok,
model.21.cv2,256,any,154,154,39.8438,39.8438,2985636,171564,5.4341,0.654465,4.438045,4.848134,4.841472,0.029059,0.915413,-0.410088,225.324433,206.264943,0.371472,0.34107,-0.030402,-8.1843,0.521112,0.498213,ok,
model.21.cv2,256,any,128,128,50.0,50.0,2941904,215296,6.8192,0.821289,4.438045,4.465659,4.455968,0.031157,0.993816,-0.027614,225.324433,223.931098,0.371472,0.3113,-0.060172,-16.1982,0.521112,0.470208,ok,
model.21.cv2,256,any,102,102,60.1562,60.1562,2898172,259028,8.2044,0.988113,4.438045,4.433616,4.431872,0.052532,1.000999,0.004429,225.324433,225.54952,0.371472,0.277707,-0.093765,-25.2415,0.521112,0.432826,ok,
model.21.cv2,256,any,77,77,69.9219,69.9219,2856122,301078,9.5362,1.148521,4.438045,4.841443,4.826192,0.038334,0.916678,-0.403398,225.324433,206.550002,0.371472,0.248298,-0.123175,-33.1585,0.521112,0.400246,ok,
model.21.cv2,256,any,51,51,80.0781,80.0781,2812390,344810,10.9214,1.315346,4.438045,4.454026,4.441648,0.050114,0.996412,-0.015981,225.324433,224.515957,0.371472,0.216522,-0.15495,-41.7125,0.521112,0.351927,ok,
model.21.cv2,256,any,26,26,89.8438,89.8438,2770340,386860,12.2533,1.475754,4.438045,4.584545,4.57728,0.032901,0.968045,-0.1465,225.324433,218.124134,0.371472,0.205537,-0.165935,-44.6695,0.521112,0.326775,ok,
model.21.cv2,256,any,1,1,99.6094,99.6094,2728290,428910,13.5851,1.636162,4.438045,4.555608,4.554816,0.018918,0.974194,-0.117563,225.324433,219.509645,0.371472,0.201745,-0.169727,-45.6903,0.521112,0.315553,ok,
model.21.cv2,256,even,256,256,0.0,0.0,3157200,0,0.0,0.0,4.438045,4.653582,4.646912,0.044,0.953684,-0.215537,225.324433,214.888226,0.371472,0.371479,6e-06,0.0017,0.521112,0.521155,ok,
model.21.cv2,256,even,230,230,10.1562,10.1562,3113468,43732,1.3852,0.166824,4.438045,4.707523,4.560896,0.180739,0.942756,-0.269478,225.324433,212.425938,0.371472,0.369267,-0.002206,-0.5937,0.521112,0.519864,ok,
model.21.cv2,256,even,205,204,19.9219,20.3125,3069736,87464,2.7703,0.333649,4.438045,4.414111,4.421136,0.080329,1.005422,0.023934,225.324433,226.546197,0.371472,0.365268,-0.006204,-1.6702,0.521112,0.517176,ok,
model.21.cv2,256,even,179,178,30.0781,30.4688,3026004,131196,4.1555,0.500473,4.438045,4.58776,4.586464,0.021506,0.967367,-0.149714,225.324433,217.971321,0.371472,0.354816,-0.016656,-4.4839,0.521112,0.509876,ok,
model.21.cv2,256,even,154,154,39.8438,39.8438,2985636,171564,5.4341,0.654465,4.438045,4.389798,4.36536,0.052376,1.010991,0.048247,225.324433,227.800927,0.371472,0.34107,-0.030402,-8.1843,0.521112,0.498213,ok,
model.21.cv2,256,even,128,128,50.0,50.0,2941904,215296,6.8192,0.821289,4.438045,4.943001,4.9368,0.031,0.897844,-0.504956,225.324433,202.306252,0.371472,0.3113,-0.060172,-16.1982,0.521112,0.470208,ok,
model.21.cv2,256,even,102,102,60.1562,60.1562,2898172,259028,8.2044,0.988113,4.438045,4.454639,4.445184,0.043747,0.996275,-0.016594,225.324433,224.485071,0.371472,0.277707,-0.093765,-25.2415,0.521112,0.432826,ok,
model.21.cv2,256,even,77,76,69.9219,70.3125,2854440,302760,9.5895,1.154938,4.438045,4.581145,4.580448,0.015942,0.968763,-0.1431,225.324433,218.286056,0.371472,0.247596,-0.123877,-33.3474,0.521112,0.398847,ok,
model.21.cv2,256,even,51,50,80.0781,80.4688,2810708,346492,10.9747,1.321762,4.438045,4.950256,4.999168,0.151738,0.896528,-0.512211,225.324433,202.009735,0.371472,0.21534,-0.156132,-42.0306,0.521112,0.349305,ok,
model.21.cv2,256,even,26,26,89.8438,89.8438,2770340,386860,12.2533,1.475754,4.438045,4.460463,4.460544,0.013145,0.994974,-0.022418,225.324433,224.191987,0.371472,0.205537,-0.165935,-44.6695,0.521112,0.326775,ok,
model.21.cv2,256,even,1,2,99.6094,99.2188,2729972,427228,13.5319,1.629745,4.438045,4.399662,4.396032,0.023187,1.008724,0.038383,225.324433,227.290166,0.371472,0.201698,-0.169774,-45.7031,0.521112,0.315506,ok,
model.21.cv2,256,odd,256,255,0.0,0.3906,3155518,1682,0.0533,0.006416,4.438045,4.570868,4.58752,0.03906,0.970942,-0.132822,225.324433,218.776851,0.371472,0.371616,0.000144,0.0387,0.521112,0.521316,ok,
model.21.cv2,256,odd,230,229,10.1562,10.5469,3111786,45414,1.4384,0.173241,4.438045,4.482276,4.479056,0.025854,0.990132,-0.044231,225.324433,223.100934,0.371472,0.369312,-0.00216,-0.5815,0.521112,0.51987,ok,
model.21.cv2,256,odd,205,205,19.9219,19.9219,3071418,85782,2.717,0.327232,4.438045,4.683582,4.676608,0.025763,0.947575,-0.245537,225.324433,213.511785,0.371472,0.365452,-0.006021,-1.6207,0.521112,0.517267,ok,
model.21.cv2,256,odd,179,179,30.0781,30.0781,3027686,129514,4.1022,0.494057,4.438045,4.524915,4.525024,0.012817,0.980802,-0.08687,225.324433,220.998641,0.371472,0.355112,-0.01636,-4.4042,0.521112,0.510176,ok,
model.21.cv2,256,odd,154,153,39.8438,40.2344,2983954,173246,5.4873,0.660881,4.438045,4.540106,4.53632,0.020786,0.97752,-0.102061,225.324433,220.259163,0.371472,0.34056,-0.030912,-8.3216,0.521112,0.497583,ok,
model.21.cv2,256,odd,128,127,50.0,50.3906,2940222,216978,6.8725,0.827705,4.438045,4.505733,4.499392,0.027844,0.984977,-0.067688,225.324433,221.939488,0.371472,0.310528,-0.060944,-16.4061,0.521112,0.469049,ok,
model.21.cv2,256,odd,102,101,60.1562,60.5469,2896490,260710,8.2576,0.99453,4.438045,4.55867,4.554752,0.024352,0.973539,-0.120625,225.324433,219.362222,0.371472,0.273002,-0.09847,-26.5082,0.521112,0.429591,ok,
model.21.cv2,256,odd,77,77,69.9219,69.9219,2856122,301078,9.5362,1.148521,4.438045,4.507413,4.507488,0.014851,0.98461,-0.069368,225.324433,221.856751,0.371472,0.248298,-0.123175,-33.1585,0.521112,0.400246,ok,
model.21.cv2,256,odd,51,51,80.0781,80.0781,2812390,344810,10.9214,1.315346,4.438045,4.452269,4.447232,0.026027,0.996805,-0.014224,225.324433,224.60458,0.371472,0.216522,-0.15495,-41.7125,0.521112,0.351927,ok,
model.21.cv2,256,odd,26,25,89.8438,90.2344,2768658,388542,12.3065,1.48217,4.438045,4.770949,4.793424,0.090927,0.930223,-0.332904,225.324433,209.601894,0.371472,0.204643,-0.166829,-44.9103,0.521112,0.325728,ok,
model.21.cv2,256,odd,1,1,99.6094,99.6094,2728290,428910,13.5851,1.636162,4.438045,4.49866,4.518256,0.051561,0.986526,-0.060615,225.324433,222.288391,0.371472,0.201745,-0.169727,-45.6903,0.521112,0.315553,ok,
model.18.cv2,128,any,128,128,0.0,0.0,3157200,0,0.0,0.0,4.438045,4.442168,4.441088,0.015838,0.999072,-0.004122,225.324433,225.115328,0.371472,0.371479,6e-06,0.0017,0.521112,0.521155,ok,
model.18.cv2,128,any,115,115,10.1562,10.1562,3122854,34346,1.0879,0.13102,4.438045,5.122682,5.122016,0.015532,0.866352,-0.684637,225.324433,195.210253,0.371472,0.367934,-0.003538,-0.9525,0.521112,0.518492,ok,
model.18.cv2,128,any,102,102,20.3125,20.3125,3088508,68692,2.1757,0.262039,4.438045,4.451825,4.458464,0.033109,0.996905,-0.01378,225.324433,224.626973,0.371472,0.358564,-0.012908,-3.4748,0.521112,0.509498,ok,
model.18.cv2,128,any,90,90,29.6875,29.6875,3056804,100396,3.1799,0.38298,4.438045,4.572242,4.570224,0.018232,0.97065,-0.134197,225.324433,218.711071,0.371472,0.341581,-0.029891,-8.0466,0.521112,0.494977,ok,
model.18.cv2,128,any,77,77,39.8438,39.8438,3022458,134742,4.2678,0.514,4.438045,4.884611,4.973424,0.152064,0.908577,-0.446566,225.324433,204.724585,0.371472,0.311817,-0.059655,-16.0592,0.521112,0.467907,ok,
model.18.cv2,128,any,64,64,50.0,50.0,2988112,169088,5.3556,0.64502,4.438045,4.507125,4.50048,0.029347,0.984673,-0.06908,225.324433,221.870944,0.371472,0.259596,-0.111876,-30.117,0.521112,0.418754,ok,
model.18.cv2,128,any,51,51,60.1562,60.1562,2953766,203434,6.4435,0.776039,4.438045,4.646345,4.64384,0.034433,0.955169,-0.2083,225.324433,215.222951,0.371472,0.233616,-0.137856,-37.1107,0.521112,0.380622,ok,
model.18.cv2,128,any,38,38,70.3125,70.3125,2919420,237780,7.5314,0.907059,4.438045,4.550601,4.543488,0.033787,0.975266,-0.112556,225.324433,219.751187,0.371472,0.185574,-0.185898,-50.0437,0.521112,0.324615,ok,
model.18.cv2,128,any,26,26,79.6875,79.6875,2887716,269484,8.5355,1.028,4.438045,4.902233,4.885536,0.060365,0.905311,-0.464188,225.324433,203.988674,0.371472,0.164179,-0.207294,-55.8032,0.521112,0.297341,ok,
model.18.cv2,128,any,13,13,89.8438,89.8438,2853370,303830,9.6234,1.159019,4.438045,4.368693,4.360192,0.037193,1.015875,0.069352,225.324433,228.901432,0.371472,0.128689,-0.242784,-65.3572,0.521112,0.251046,ok,
model.18.cv2,128,any,1,1,99.2188,99.2188,2821666,335534,10.6276,1.279961,4.438045,4.485689,4.478976,0.027215,0.989379,-0.047644,225.324433,222.93121,0.371472,0.117875,-0.253598,-68.2683,0.521112,0.232052,ok,
model.18.cv2,128,even,128,128,0.0,0.0,3157200,0,0.0,0.0,4.438045,4.571689,4.548608,0.048186,0.970767,-0.133644,225.324433,218.737533,0.371472,0.371479,6e-06,0.0017,0.521112,0.521155,ok,
model.18.cv2,128,even,115,114,10.1562,10.9375,3120212,36988,1.1715,0.141098,4.438045,4.853932,4.848592,0.026969,0.91432,-0.415887,225.324433,206.018557,0.371472,0.367575,-0.003898,-1.0492,0.521112,0.51823,ok,
model.18.cv2,128,even,102,102,20.3125,20.3125,3088508,68692,2.1757,0.262039,4.438045,4.936877,4.938768,0.053366,0.898958,-0.498832,225.324433,202.557218,0.371472,0.358564,-0.012908,-3.4748,0.521112,0.509498,ok,
model.18.cv2,128,even,90,90,29.6875,29.6875,3056804,100396,3.1799,0.38298,4.438045,4.926113,4.918272,0.037264,0.900922,-0.488068,225.324433,202.999805,0.371472,0.341581,-0.029891,-8.0466,0.521112,0.494977,ok,
model.18.cv2,128,even,77,76,39.8438,40.625,3019816,137384,4.3515,0.524078,4.438045,4.541022,4.531696,0.03526,0.977323,-0.102977,225.324433,220.214757,0.371472,0.307478,-0.063994,-17.2271,0.521112,0.463997,ok,
model.18.cv2,128,even,64,64,50.0,50.0,2988112,169088,5.3556,0.64502,4.438045,4.879834,4.87424,0.031763,0.909466,-0.441789,225.324433,204.924993,0.371472,0.259596,-0.111876,-30.117,0.521112,0.418754,ok,
model.18.cv2,128,even,51,50,60.1562,60.9375,2951124,206076,6.5272,0.786118,4.438045,4.399196,4.364288,0.08118,1.008831,0.038849,225.324433,227.314255,0.371472,0.231905,-0.139567,-37.5713,0.521112,0.377973,ok,
model.18.cv2,128,even,38,38,70.3125,70.3125,2919420,237780,7.5314,0.907059,4.438045,4.691325,4.644864,0.135689,0.946011,-0.25328,225.324433,213.159412,0.371472,0.185574,-0.185898,-50.0437,0.521112,0.324615,ok,
model.18.cv2,128,even,26,26,79.6875,79.6875,2887716,269484,8.5355,1.028,4.438045,4.584378,4.605952,0.054138,0.96808,-0.146333,225.324433,218.13208,0.371472,0.164179,-0.207294,-55.8032,0.521112,0.297341,ok,
model.18.cv2,128,even,13,12,89.8438,90.625,2850728,306472,9.7071,1.169098,4.438045,4.594659,4.589568,0.026224,0.965914,-0.156614,225.324433,217.64399,0.371472,0.127217,-0.244256,-65.7534,0.521112,0.248225,ok,
model.18.cv2,128,even,1,2,99.2188,98.4375,2824308,332892,10.5439,1.269882,4.438045,4.50915,4.504576,0.026125,0.984231,-0.071105,225.324433,221.771283,0.371472,0.118196,-0.253277,-68.1818,0.521112,0.23316,ok,
model.18.cv2,128,odd,128,127,0.0,0.7812,3154558,2642,0.0837,0.010078,4.438045,4.9713,4.937728,0.074768,0.892733,-0.533254,225.324433,201.154647,0.371472,0.371111,-0.000361,-0.0972,0.521112,0.521079,ok,
model.18.cv2,128,odd,115,115,10.1562,10.1562,3122854,34346,1.0879,0.13102,4.438045,4.515036,4.514848,0.014991,0.982948,-0.076991,225.324433,221.482161,0.371472,0.367934,-0.003538,-0.9525,0.521112,0.518492,ok,
model.18.cv2,128,odd,102,101,20.3125,21.0938,3085866,71334,2.2594,0.272118,4.438045,4.502503,4.500608,0.01191,0.985684,-0.064458,225.324433,222.0987,0.371472,0.357084,-0.014388,-3.8733,0.521112,0.507688,ok,
model.18.cv2,128,odd,90,89,29.6875,30.4688,3054162,103038,3.2636,0.393059,4.438045,4.545932,4.51376,0.069291,0.976267,-0.107887,225.324433,219.97687,0.371472,0.337571,-0.033901,-9.1261,0.521112,0.490293,ok,
model.18.cv2,128,odd,77,77,39.8438,39.8438,3022458,134742,4.2678,0.514,4.438045,4.713451,4.86656,0.184074,0.94157,-0.275406,225.324433,212.158769,0.371472,0.311817,-0.059655,-16.0592,0.521112,0.467907,ok,
model.18.cv2,128,odd,64,63,50.0,50.7812,2985470,171730,5.4393,0.655098,4.438045,4.562761,4.527856,0.060308,0.972666,-0.124716,225.324433,219.165523,0.371472,0.258839,-0.112634,-30.3209,0.521112,0.416793,ok,
model.18.cv2,128,odd,51,51,60.1562,60.1562,2953766,203434,6.4435,0.776039,4.438045,4.506716,4.5056,0.024916,0.984762,-0.068671,225.324433,221.891046,0.371472,0.233616,-0.137856,-37.1107,0.521112,0.380622,ok,
model.18.cv2,128,odd,38,37,70.3125,71.0938,2916778,240422,7.615,0.917137,4.438045,5.003406,4.98672,0.042328,0.887005,-0.565361,225.324433,199.863837,0.371472,0.184392,-0.18708,-50.3617,0.521112,0.323192,ok,
model.18.cv2,128,odd,26,25,79.6875,80.4688,2885074,272126,8.6192,1.038078,4.438045,4.499858,4.502544,0.026262,0.986263,-0.061813,225.324433,222.22923,0.371472,0.161151,-0.210321,-56.6183,0.521112,0.292777,ok,
model.18.cv2,128,odd,13,13,89.8438,89.8438,2853370,303830,9.6234,1.159019,4.438045,4.978084,5.02992,0.159584,0.891517,-0.540038,225.324433,200.880519,0.371472,0.128689,-0.242784,-65.3572,0.521112,0.251046,ok,
model.18.cv2,128,odd,1,1,99.2188,99.2188,2821666,335534,10.6276,1.279961,4.438045,4.51673,4.397056,0.183291,0.982579,-0.078685,225.324433,221.399121,0.371472,0.117875,-0.253598,-68.2683,0.521112,0.232052,ok,
model.5,128,any,128,128,0.0,0.0,3157200,0,0.0,0.0,4.438045,4.681179,4.671488,0.033447,0.948061,-0.243134,225.324433,213.621395,0.371472,0.371479,6e-06,0.0017,0.521112,0.521155,ok,
model.5,128,any,115,115,10.1562,10.1562,3148022,9178,0.2907,0.035011,4.438045,4.666779,4.68392,0.048257,0.950987,-0.228734,225.324433,214.280539,0.371472,0.367225,-0.004247,-1.1433,0.521112,0.515752,ok,
model.5,128,any,102,102,20.3125,20.3125,3138844,18356,0.5814,0.070023,4.438045,4.850286,4.873184,0.091062,0.915007,-0.412241,225.324433,206.173412,0.371472,0.358949,-0.012523,-3.3712,0.521112,0.505439,ok,
model.5,128,any,90,90,29.6875,29.6875,3130372,26828,0.8497,0.102341,4.438045,4.945982,5.063248,0.198042,0.897303,-0.507936,225.324433,202.184335,0.371472,0.343551,-0.027922,-7.5165,0.521112,0.487874,ok,
model.5,128,any,77,77,39.8438,39.8438,3121194,36006,1.1404,0.137352,4.438045,4.497312,4.497408,0.016861,0.986822,-0.059266,225.324433,222.355065,0.371472,0.321508,-0.049964,-13.4503,0.521112,0.458092,ok,
model.5,128,any,64,64,50.0,50.0,3112016,45184,1.4311,0.172363,4.438045,4.632617,4.62736,0.024536,0.958,-0.194572,225.324433,215.860697,0.371472,0.271761,-0.099712,-26.8423,0.521112,0.395843,ok,
model.5,128,any,51,51,60.1562,60.1562,3102838,54362,1.7218,0.207375,4.438045,4.608887,4.607968,0.015571,0.962932,-0.170842,225.324433,216.972113,0.371472,0.207427,-0.164046,-44.161,0.521112,0.310581,ok,
model.5,128,any,38,38,70.3125,70.3125,3093660,63540,2.0125,0.242386,4.438045,4.730093,4.657056,0.16126,0.938258,-0.292048,225.324433,211.41235,0.371472,0.06993,-0.301542,-81.1748,0.521112,0.110749,ok,
model.5,128,any,26,26,79.6875,79.6875,3085188,72012,2.2809,0.274704,4.438045,4.853107,4.975536,0.180578,0.914475,-0.415062,225.324433,206.05355,0.371472,0.010918,-0.360554,-97.0608,0.521112,0.017412,ok,
model.5,128,any,13,13,89.8438,89.8438,3076010,81190,2.5716,0.309715,4.438045,4.597498,4.597952,0.01747,0.965317,-0.159453,225.324433,217.509607,0.371472,0.00329,-0.368182,-99.1143,0.521112,0.004835,ok,
model.5,128,any,1,1,99.2188,99.2188,3067538,89662,2.8399,0.342033,4.438045,4.500913,4.4872,0.063275,0.986032,-0.062868,225.324433,222.177146,0.371472,0.003574,-0.367898,-99.0379,0.521112,0.005125,ok,
model.5,128,even,128,128,0.0,0.0,3157200,0,0.0,0.0,4.438045,4.497264,4.49536,0.022098,0.986832,-0.059219,225.324433,222.357416,0.371472,0.371479,6e-06,0.0017,0.521112,0.521155,ok,
model.5,128,even,115,114,10.1562,10.9375,3147316,9884,0.3131,0.037704,4.438045,4.399661,4.407296,0.067148,1.008724,0.038384,225.324433,227.29024,0.371472,0.366735,-0.004737,-1.2753,0.521112,0.515408,ok,
model.5,128,even,102,102,20.3125,20.3125,3138844,18356,0.5814,0.070023,4.438045,4.40917,4.407296,0.013934,1.006549,0.028875,225.324433,226.800043,0.371472,0.358949,-0.012523,-3.3712,0.521112,0.505439,ok,
model.5,128,even,90,90,29.6875,29.6875,3130372,26828,0.8497,0.102341,4.438045,4.584141,4.578304,0.026073,0.96813,-0.146096,225.324433,218.143395,0.371472,0.343551,-0.027922,-7.5165,0.521112,0.487874,ok,
model.5,128,even,77,76,39.8438,40.625,3120488,36712,1.1628,0.140045,4.438045,4.541455,4.5296,0.045601,0.97723,-0.10341,225.324433,220.193754,0.371472,0.318675,-0.052797,-14.2129,0.521112,0.454498,ok,
model.5,128,even,64,64,50.0,50.0,3112016,45184,1.4311,0.172363,4.438045,4.578253,4.560896,0.116221,0.969375,-0.140208,225.324433,218.423906,0.371472,0.271761,-0.099712,-26.8423,0.521112,0.395843,ok,
model.5,128,even,51,50,60.1562,60.9375,3102132,55068,1.7442,0.210068,4.438045,4.540811,4.532224,0.028731,0.977368,-0.102766,225.324433,220.224982,0.371472,0.201647,-0.169825,-45.7167,0.521112,0.303502,ok,
model.5,128,even,38,38,70.3125,70.3125,3093660,63540,2.0125,0.242386,4.438045,4.583231,4.578288,0.024667,0.968322,-0.145186,225.324433,218.186688,0.371472,0.06993,-0.301542,-81.1748,0.521112,0.110749,ok,
model.5,128,even,26,26,79.6875,79.6875,3085188,72012,2.2809,0.274704,4.438045,4.527377,4.529152,0.025813,0.980268,-0.089332,225.324433,220.878433,0.371472,0.010918,-0.360554,-97.0608,0.521112,0.017412,ok,
model.5,128,even,13,12,89.8438,90.625,3075304,81896,2.5939,0.312408,4.438045,4.659664,4.655104,0.026266,0.952439,-0.221619,225.324433,214.607748,0.371472,0.004351,-0.367122,-98.8288,0.521112,0.006827,ok,
model.5,128,even,1,2,99.2188,98.4375,3068244,88956,2.8176,0.33934,4.438045,4.532266,4.52736,0.032643,0.979211,-0.094221,225.324433,220.64018,0.371472,0.003659,-0.367813,-99.015,0.521112,0.005468,ok,
model.5,128,odd,128,127,0.0,0.7812,3156494,706,0.0224,0.002693,4.438045,4.549487,4.527088,0.051447,0.975505,-0.111441,225.324433,219.805023,0.371472,0.371423,-4.9e-05,-0.0133,0.521112,0.520783,ok,
model.5,128,odd,115,115,10.1562,10.1562,3148022,9178,0.2907,0.035011,4.438045,4.576007,4.55232,0.04993,0.969851,-0.137962,225.324433,218.531125,0.371472,0.367225,-0.004247,-1.1433,0.521112,0.515752,ok,
model.5,128,odd,102,101,20.3125,21.0938,3138138,19062,0.6038,0.072716,4.438045,4.921574,4.943424,0.145472,0.901753,-0.483529,225.324433,203.187013,0.371472,0.357229,-0.014243,-3.8343,0.521112,0.503346,ok,
model.5,128,odd,90,89,29.6875,30.4688,3129666,27534,0.8721,0.105034,4.438045,4.91331,4.965456,0.146043,0.90327,-0.475264,225.324433,203.528799,0.371472,0.342574,-0.028898,-7.7794,0.521112,0.486833,ok,
model.5,128,odd,77,77,39.8438,39.8438,3121194,36006,1.1404,0.137352,4.438045,4.730562,4.624272,0.190931,0.938165,-0.292516,225.324433,211.391392,0.371472,0.321508,-0.049964,-13.4503,0.521112,0.458092,ok,
model.5,128,odd,64,63,50.0,50.7812,3111310,45890,1.4535,0.175056,4.438045,4.503324,4.49536,0.031356,0.985504,-0.065279,225.324433,222.058171,0.371472,0.270372,-0.1011,-27.2162,0.521112,0.394049,ok,
model.5,128,odd,51,51,60.1562,60.1562,3102838,54362,1.7218,0.207375,4.438045,4.512866,4.492288,0.187183,0.98342,-0.074821,225.324433,221.588664,0.371472,0.207427,-0.164046,-44.161,0.521112,0.310581,ok,
model.5,128,odd,38,37,70.3125,71.0938,3092954,64246,2.0349,0.245079,4.438045,4.502069,4.497408,0.025951,0.985779,-0.064024,225.324433,222.120113,0.371472,0.050287,-0.321185,-86.4627,0.521112,0.080032,ok,
model.5,128,odd,26,25,79.6875,80.4688,3084482,72718,2.3032,0.277397,4.438045,4.64223,4.64736,0.192749,0.956016,-0.204185,225.324433,215.413709,0.371472,0.007665,-0.363807,-97.9365,0.521112,0.012748,ok,
model.5,128,odd,13,13,89.8438,89.8438,3076010,81190,2.5716,0.309715,4.438045,4.633224,4.742656,0.22322,0.957874,-0.195179,225.324433,215.832431,0.371472,0.00329,-0.368182,-99.1143,0.521112,0.004835,ok,
model.5,128,odd,1,1,99.2188,99.2188,3067538,89662,2.8399,0.342033,4.438045,4.5432,4.525488,0.047815,0.976855,-0.105154,225.324433,220.109197,0.371472,0.003574,-0.367898,-99.0379,0.521112,0.005125,ok,
model.3,64,any,64,64,0.0,0.0,3157200,0,0.0,0.0,4.438045,4.651935,4.565424,0.167699,0.954021,-0.213889,225.324433,214.96433,0.371472,0.371479,6e-06,0.0017,0.521112,0.521155,ok,
model.3,64,any,58,58,9.375,9.375,3155076,2124,0.0673,0.008102,4.438045,4.445919,4.41872,0.056778,0.998229,-0.007874,225.324433,224.925365,0.371472,0.365887,-0.005585,-1.5035,0.521112,0.514475,ok,
model.3,64,any,51,51,20.3125,20.3125,3152598,4602,0.1458,0.017555,4.438045,4.797533,4.85992,0.132988,0.925068,-0.359488,225.324433,208.440451,0.371472,0.354438,-0.017035,-4.5857,0.521112,0.502497,ok,
model.3,64,any,45,45,29.6875,29.6875,3150474,6726,0.213,0.025658,4.438045,4.553552,4.550464,0.02426,0.974634,-0.115507,225.324433,219.608797,0.371472,0.34162,-0.029853,-8.0363,0.521112,0.486268,ok,
model.3,64,any,38,38,40.625,40.625,3147996,9204,0.2915,0.03511,4.438045,4.592175,4.564528,0.053339,0.966436,-0.15413,225.324433,217.761749,0.371472,0.311365,-0.060107,-16.1807,0.521112,0.451161,ok,
model.3,64,any,32,32,50.0,50.0,3145872,11328,0.3588,0.043213,4.438045,4.74246,4.833184,0.15422,0.935811,-0.304415,225.324433,210.861016,0.371472,0.284638,-0.086834,-23.3758,0.521112,0.417798,ok,
model.3,64,any,26,26,59.375,59.375,3143748,13452,0.4261,0.051315,4.438045,4.422865,4.441072,0.055151,1.003432,0.01518,225.324433,226.097783,0.371472,0.234573,-0.136899,-36.8531,0.521112,0.351426,ok,
model.3,64,any,19,19,70.3125,70.3125,3141270,15930,0.5046,0.060768,4.438045,4.663075,4.658176,0.029777,0.951742,-0.22503,225.324433,214.45077,0.371472,0.03944,-0.332033,-89.3829,0.521112,0.060246,ok,
model.3,64,any,13,13,79.6875,79.6875,3139146,18054,0.5718,0.068871,4.438045,4.687296,4.583936,0.164831,0.946824,-0.249251,225.324433,213.342618,0.371472,0.005493,-0.36598,-98.5214,0.521112,0.009299,ok,
model.3,64,any,6,6,90.625,90.625,3136668,20532,0.6503,0.078323,4.438045,4.465119,4.460544,0.024557,0.993937,-0.027074,225.324433,223.958188,0.371472,0.001666,-0.369807,-99.5516,0.521112,0.00249,ok,
model.3,64,any,1,1,98.4375,98.4375,3134898,22302,0.7064,0.085075,4.438045,4.635397,4.634192,0.016021,0.957425,-0.197352,225.324433,215.731261,0.371472,0.00035,-0.371122,-99.9058,0.521112,0.000727,ok,
model.3,64,even,64,64,0.0,0.0,3157200,0,0.0,0.0,4.438045,4.529018,4.491344,0.159473,0.979913,-0.090973,225.324433,220.798405,0.371472,0.371479,6e-06,0.0017,0.521112,0.521155,ok,
model.3,64,even,58,58,9.375,9.375,3155076,2124,0.0673,0.008102,4.438045,4.436889,4.417712,0.041267,1.000261,0.001156,225.324433,225.38314,0.371472,0.365887,-0.005585,-1.5035,0.521112,0.514475,ok,
model.3,64,even,51,50,20.3125,21.875,3152244,4956,0.157,0.018906,4.438045,4.604894,4.580224,0.065723,0.963767,-0.166849,225.324433,217.160269,0.371472,0.352267,-0.019206,-5.1701,0.521112,0.499823,ok,
model.3,64,even,45,44,29.6875,31.25,3150120,7080,0.2242,0.027008,4.438045,4.404732,4.39864,0.025315,1.007563,0.033313,225.324433,227.028552,0.371472,0.331612,-0.039861,-10.7305,0.521112,0.47541,ok,
model.3,64,even,38,38,40.625,40.625,3147996,9204,0.2915,0.03511,4.438045,4.77271,4.653056,0.200238,0.929879,-0.334665,225.324433,209.52455,0.371472,0.311365,-0.060107,-16.1807,0.521112,0.451161,ok,
model.3,64,even,32,32,50.0,50.0,3145872,11328,0.3588,0.043213,4.438045,4.47809,4.491344,0.05914,0.991058,-0.040045,225.324433,223.309495,0.371472,0.284638,-0.086834,-23.3758,0.521112,0.417798,ok,
model.3,64,even,26,26,59.375,59.375,3143748,13452,0.4261,0.051315,4.438045,4.480813,4.467952,0.063237,0.990455,-0.042768,225.324433,223.173803,0.371472,0.234573,-0.136899,-36.8531,0.521112,0.351426,ok,
model.3,64,even,19,18,70.3125,71.875,3140916,16284,0.5158,0.062119,4.438045,4.538281,4.5276,0.054908,0.977913,-0.100236,225.324433,220.347726,0.371472,0.031541,-0.339931,-91.5092,0.521112,0.048468,ok,
model.3,64,even,13,12,79.6875,81.25,3138792,18408,0.583,0.070221,4.438045,4.430724,4.411216,0.210058,1.001652,0.007321,225.324433,225.696748,0.371472,0.005015,-0.366457,-98.6499,0.521112,0.008312,ok,
model.3,64,even,6,6,90.625,90.625,3136668,20532,0.6503,0.078323,4.438045,4.953979,4.948992,0.0241,0.895855,-0.515934,225.324433,201.857932,0.371472,0.001666,-0.369807,-99.5516,0.521112,0.00249,ok,
model.3,64,even,1,2,98.4375,96.875,3135252,21948,0.6952,0.083725,4.438045,4.601896,4.500592,0.174874,0.964395,-0.163851,225.324433,217.301753,0.371472,0.000831,-0.370641,-99.7762,0.521112,0.001765,ok,
model.3,64,odd,64,63,0.0,1.5625,3156846,354,0.0112,0.00135,4.438045,4.5398,4.554608,0.044661,0.977586,-0.101755,225.324433,220.274036,0.371472,0.370291,-0.001182,-0.3181,0.521112,0.519674,ok,
model.3,64,odd,58,57,9.375,10.9375,3154722,2478,0.0785,0.009453,4.438045,4.574373,4.570192,0.023354,0.970198,-0.136328,225.324433,218.609213,0.371472,0.362685,-0.008787,-2.3655,0.521112,0.51204,ok,
model.3,64,odd,51,51,20.3125,20.3125,3152598,4602,0.1458,0.017555,4.438045,4.569422,4.597248,0.055589,0.971249,-0.131377,225.324433,218.846041,0.371472,0.354438,-0.017035,-4.5857,0.521112,0.502497,ok,
model.3,64,odd,45,45,29.6875,29.6875,3150474,6726,0.213,0.025658,4.438045,4.531746,4.526096,0.028845,0.979323,-0.093701,225.324433,220.665505,0.371472,0.34162,-0.029853,-8.0363,0.521112,0.486268,ok,
model.3,64,odd,38,37,40.625,42.1875,3147642,9558,0.3027,0.036461,4.438045,4.649284,4.646912,0.017484,0.954565,-0.211239,225.324433,215.086859,0.371472,0.306296,-0.065176,-17.5454,0.521112,0.443844,ok,
model.3,64,odd,32,31,50.0,51.5625,3145518,11682,0.37,0.044563,4.438045,4.489726,4.49536,0.104107,0.988489,-0.051681,225.324433,222.730729,0.371472,0.276211,-0.095261,-25.6443,0.521112,0.40727,ok,
model.3,64,odd,26,25,59.375,60.9375,3143394,13806,0.4373,0.052666,4.438045,4.872916,4.871168,0.017391,0.910758,-0.434871,225.324433,205.215939,0.371472,0.228794,-0.142678,-38.4088,0.521112,0.343385,ok,
model.3,64,odd,19,19,70.3125,70.3125,3141270,15930,0.5046,0.060768,4.438045,4.461974,4.452624,0.046783,0.994637,-0.023929,225.324433,224.116034,0.371472,0.03944,-0.332033,-89.3829,0.521112,0.060246,ok,
model.3,64,odd,13,13,79.6875,79.6875,3139146,18054,0.5718,0.068871,4.438045,4.721442,4.653568,0.122718,0.939977,-0.283397,225.324433,211.799704,0.371472,0.005493,-0.36598,-98.5214,0.521112,0.009299,ok,
model.3,64,odd,6,5,90.625,92.1875,3136314,20886,0.6615,0.079674,4.438045,5.013737,5.051392,0.126571,0.885177,-0.575692,225.324433,199.452027,0.371472,0.000763,-0.370709,-99.7946,0.521112,0.001538,ok,
model.3,64,odd,1,1,98.4375,98.4375,3134898,22302,0.7064,0.085075,4.438045,5.001291,5.021184,0.047004,0.88738,-0.563246,225.324433,199.948359,0.371472,0.00035,-0.371122,-99.9058,0.521112,0.000727,ok,
model.4.m.0.cv1,32,any,32,32,0.0,0.0,3157200,0,0.0,0.0,4.438045,4.47887,4.477952,0.014971,0.990885,-0.040824,225.324433,223.270622,0.371472,0.371479,6e-06,0.0017,0.521112,0.521155,ok,
model.4.m.0.cv1,32,any,29,29,9.375,9.375,3155466,1734,0.0549,0.006615,4.438045,4.505648,4.498432,0.026925,0.984996,-0.067603,225.324433,221.943658,0.371472,0.36535,-0.006123,-1.6482,0.521112,0.513408,ok,
model.4.m.0.cv1,32,any,26,26,18.75,18.75,3153732,3468,0.1098,0.013229,4.438045,4.842333,4.859904,0.088489,0.91651,-0.404288,225.324433,206.512042,0.371472,0.361038,-0.010435,-2.809,0.521112,0.50844,ok,
model.4.m.0.cv1,32,any,22,22,31.25,31.25,3151420,5780,0.1831,0.022049,4.438045,4.549947,4.553648,0.049479,0.975406,-0.111902,225.324433,219.782794,0.371472,0.351753,-0.019719,-5.3085,0.521112,0.496711,ok,
model.4.m.0.cv1,32,any,19,19,40.625,40.625,3149686,7514,0.238,0.028664,4.438045,4.500336,4.49536,0.024406,0.986159,-0.062291,225.324433,222.20563,0.371472,0.343631,-0.027841,-7.4949,0.521112,0.487161,ok,
model.4.m.0.cv1,32,any,16,16,50.0,50.0,3147952,9248,0.2929,0.035278,4.438045,4.469643,4.465648,0.019773,0.992931,-0.031598,225.324433,223.731529,0.371472,0.331599,-0.039873,-10.7338,0.521112,0.47188,ok,
model.4.m.0.cv1,32,any,13,13,59.375,59.375,3146218,10982,0.3478,0.041893,4.438045,4.550498,4.537344,0.042541,0.975288,-0.112453,225.324433,219.756156,0.371472,0.320905,-0.050567,-13.6126,0.521112,0.459832,ok,
model.4.m.0.cv1,32,any,10,10,68.75,68.75,3144484,12716,0.4028,0.048508,4.438045,4.438567,4.423712,0.038698,0.999882,-0.000522,225.324433,225.297954,0.371472,0.245658,-0.125815,-33.8692,0.521112,0.361314,ok,
model.4.m.0.cv1,32,any,6,6,81.25,81.25,3142172,15028,0.476,0.057327,4.438045,4.758366,4.839264,0.171221,0.932683,-0.320321,225.324433,210.156166,0.371472,0.217234,-0.154239,-41.5209,0.521112,0.321607,ok,
model.4.m.0.cv1,32,any,3,3,90.625,90.625,3140438,16762,0.5309,0.063942,4.438045,4.659661,4.853728,0.227924,0.952439,-0.221616,225.324433,214.60788,0.371472,0.18289,-0.188583,-50.7663,0.521112,0.274675,ok,
model.4.m.0.cv1,32,any,1,1,96.875,96.875,3139282,17918,0.5675,0.068352,4.438045,4.637042,4.630464,0.027236,0.957085,-0.198997,225.324433,215.654732,0.371472,0.177484,-0.193989,-52.2216,0.521112,0.264914,ok,
model.4.m.0.cv1,32,even,32,32,0.0,0.0,3157200,0,0.0,0.0,4.438045,4.486171,4.496384,0.040252,0.989272,-0.048126,225.324433,222.907255,0.371472,0.371479,6e-06,0.0017,0.521112,0.521155,ok,
model.4.m.0.cv1,32,even,29,28,9.375,12.5,3154888,2312,0.0732,0.00882,4.438045,5.134477,5.134336,0.016776,0.864362,-0.696432,225.324433,194.761805,0.371472,0.363617,-0.007855,-2.1145,0.521112,0.511883,ok,
model.4.m.0.cv1,32,even,26,26,18.75,18.75,3153732,3468,0.1098,0.013229,4.438045,4.582871,4.579808,0.018937,0.968398,-0.144826,225.324433,218.203842,0.371472,0.361038,-0.010435,-2.809,0.521112,0.50844,ok,
model.4.m.0.cv1,32,even,22,22,31.25,31.25,3151420,5780,0.1831,0.022049,4.438045,4.514283,4.5128,0.01481,0.983112,-0.076238,225.324433,221.519126,0.371472,0.351753,-0.019719,-5.3085,0.521112,0.496711,ok,
model.4.m.0.cv1,32,even,19,18,40.625,43.75,3149108,8092,0.2563,0.030869,4.438045,5.044894,5.04592,0.042922,0.87971,-0.606849,225.324433,198.22023,0.371472,0.339276,-0.032196,-8.6671,0.521112,0.482547,ok,
model.4.m.0.cv1,32,even,16,16,50.0,50.0,3147952,9248,0.2929,0.035278,4.438045,4.45966,4.453184,0.03209,0.995153,-0.021615,225.324433,224.232356,0.371472,0.331599,-0.039873,-10.7338,0.521112,0.47188,ok,
model.4.m.0.cv1,32,even,13,12,59.375,62.5,3145640,11560,0.3661,0.044098,4.438045,4.505629,4.505136,0.015065,0.985,-0.067584,225.324433,221.944589,0.371472,0.274984,-0.096489,-25.9746,0.521112,0.400549,ok,
model.4.m.0.cv1,32,even,10,10,68.75,68.75,3144484,12716,0.4028,0.048508,4.438045,4.479856,4.46352,0.069019,0.990667,-0.041811,225.324433,223.221453,0.371472,0.245658,-0.125815,-33.8692,0.521112,0.361314,ok,
model.4.m.0.cv1,32,even,6,6,81.25,81.25,3142172,15028,0.476,0.057327,4.438045,4.538834,4.53,0.030894,0.977794,-0.100789,225.324433,220.320898,0.371472,0.217234,-0.154239,-41.5209,0.521112,0.321607,ok,
model.4.m.0.cv1,32,even,3,2,90.625,93.75,3139860,17340,0.5492,0.066147,4.438045,4.547735,4.54144,0.027316,0.97588,-0.10969,225.324433,219.88968,0.371472,0.181738,-0.189734,-51.0763,0.521112,0.27112,ok,
model.4.m.0.cv1,32,even,1,2,96.875,93.75,3139860,17340,0.5492,0.066147,4.438045,4.499672,4.496544,0.022362,0.986304,-0.061626,225.324433,222.238444,0.371472,0.181738,-0.189734,-51.0763,0.521112,0.27112,ok,
model.4.m.0.cv1,32,odd,32,31,0.0,3.125,3156622,578,0.0183,0.002205,4.438045,4.562566,4.559008,0.021206,0.972708,-0.124521,225.324433,219.1749,0.371472,0.368401,-0.003071,-0.8268,0.521112,0.517424,ok,
model.4.m.0.cv1,32,odd,29,29,9.375,9.375,3155466,1734,0.0549,0.006615,4.438045,4.625319,4.615168,0.048753,0.959511,-0.187274,225.324433,216.201287,0.371472,0.36535,-0.006123,-1.6482,0.521112,0.513408,ok,
model.4.m.0.cv1,32,odd,26,25,18.75,21.875,3153154,4046,0.1282,0.015434,4.438045,4.719392,4.714448,0.031239,0.940385,-0.281347,225.324433,211.89168,0.371472,0.359772,-0.011701,-3.1498,0.521112,0.506419,ok,
model.4.m.0.cv1,32,odd,22,21,31.25,34.375,3150842,6358,0.2014,0.024254,4.438045,4.512541,4.528176,0.044122,0.983491,-0.074496,225.324433,221.604613,0.371472,0.348557,-0.022915,-6.1686,0.521112,0.492701,ok,
model.4.m.0.cv1,32,odd,19,19,40.625,40.625,3149686,7514,0.238,0.028664,4.438045,4.528883,4.524032,0.020597,0.979942,-0.090838,225.324433,220.804988,0.371472,0.343631,-0.027841,-7.4949,0.521112,0.487161,ok,
model.4.m.0.cv1,32,odd,16,15,50.0,53.125,3147374,9826,0.3112,0.037483,4.438045,4.465617,4.46976,0.026113,0.993826,-0.027572,225.324433,223.933199,0.371472,0.328122,-0.04335,-11.6698,0.521112,0.467979,ok,
model.4.m.0.cv1,32,odd,13,13,59.375,59.375,3146218,10982,0.3478,0.041893,4.438045,4.43588,4.434944,0.012729,1.000488,0.002165,225.324433,225.43442,0.371472,0.320905,-0.050567,-13.6126,0.521112,0.459832,ok,
model.4.m.0.cv1,32,odd,10,9,68.75,71.875,3143906,13294,0.4211,0.050713,4.438045,4.558703,4.557824,0.018427,0.973532,-0.120658,225.324433,219.360637,0.371472,0.22866,-0.142812,-38.4449,0.521112,0.338181,ok,
model.4.m.0.cv1,32,odd,6,5,81.25,84.375,3141594,15606,0.4943,0.059532,4.438045,5.001615,4.974192,0.056407,0.887322,-0.56357,225.324433,199.935412,0.371472,0.187877,-0.183595,-49.4237,0.521112,0.281356,ok,
model.4.m.0.cv1,32,odd,3,3,90.625,90.625,3140438,16762,0.5309,0.063942,4.438045,4.649251,4.646912,0.020381,0.954572,-0.211206,225.324433,215.088415,0.371472,0.18289,-0.188583,-50.7663,0.521112,0.274675,ok,
model.4.m.0.cv1,32,odd,1,1,96.875,96.875,3139282,17918,0.5675,0.068352,4.438045,4.6226,4.627456,0.040147,0.960076,-0.184555,225.324433,216.328487,0.371472,0.177484,-0.193989,-52.2216,0.521112,0.264914,ok,
model.4.m.1.cv1,32,any,32,32,0.0,0.0,3157200,0,0.0,0.0,4.438045,4.581835,4.590512,0.050702,0.968617,-0.14379,225.324433,218.253149,0.371472,0.371479,6e-06,0.0017,0.521112,0.521155,ok,
model.4.m.1.cv1,32,any,29,29,9.375,9.375,3155466,1734,0.0549,0.006615,4.438045,4.52324,4.533248,0.047174,0.981165,-0.085195,225.324433,221.080464,0.371472,0.364223,-0.007249,-1.9514,0.521112,0.511186,ok,
model.4.m.1.cv1,32,any,26,26,18.75,18.75,3153732,3468,0.1098,0.013229,4.438045,4.856245,4.850096,0.025169,0.913884,-0.4182,225.324433,205.920413,0.371472,0.338104,-0.033368,-8.9826,0.521112,0.478643,ok,
model.4.m.1.cv1,32,any,22,22,31.25,31.25,3151420,5780,0.1831,0.022049,4.438045,4.523548,4.521088,0.016994,0.981098,-0.085503,225.324433,221.065419,0.371472,0.32347,-0.048002,-12.9221,0.521112,0.460018,ok,
model.4.m.1.cv1,32,any,19,19,40.625,40.625,3149686,7514,0.238,0.028664,4.438045,4.513452,4.502672,0.032415,0.983293,-0.075407,225.324433,221.559906,0.371472,0.28632,-0.085153,-22.923,0.521112,0.410491,ok,
model.4.m.1.cv1,32,any,16,16,50.0,50.0,3147952,9248,0.2929,0.035278,4.438045,4.860795,4.854784,0.098063,0.913029,-0.42275,225.324433,205.727676,0.371472,0.254359,-0.117113,-31.5267,0.521112,0.369213,ok,
model.4.m.1.cv1,32,any,13,13,59.375,59.375,3146218,10982,0.3478,0.041893,4.438045,4.672279,4.61064,0.175388,0.949867,-0.234234,225.324433,214.028313,0.371472,0.243936,-0.127537,-34.3327,0.521112,0.355031,ok,
model.4.m.1.cv1,32,any,10,10,68.75,68.75,3144484,12716,0.4028,0.048508,4.438045,4.680489,4.680272,0.028614,0.948201,-0.242444,225.324433,213.652885,0.371472,0.229108,-0.142364,-38.3242,0.521112,0.335592,ok,
model.4.m.1.cv1,32,any,6,6,81.25,81.25,3142172,15028,0.476,0.057327,4.438045,4.826484,4.698128,0.198197,0.919519,-0.388439,225.324433,207.190155,0.371472,0.189811,-0.181661,-48.903,0.521112,0.28189,ok,
model.4.m.1.cv1,32,any,3,3,90.625,90.625,3140438,16762,0.5309,0.063942,4.438045,4.468124,4.46824,0.111558,0.993268,-0.030079,225.324433,223.807551,0.371472,0.165821,-0.205651,-55.3612,0.521112,0.248251,ok,
model.4.m.1.cv1,32,any,1,1,96.875,96.875,3139282,17918,0.5675,0.068352,4.438045,4.501952,4.499456,0.020356,0.985805,-0.063907,225.324433,222.125876,0.371472,0.140633,-0.230839,-62.1417,0.521112,0.211745,ok,
model.4.m.1.cv1,32,even,32,32,0.0,0.0,3157200,0,0.0,0.0,4.438045,4.615926,4.601808,0.044723,0.961464,-0.177881,225.324433,216.64125,0.371472,0.371479,6e-06,0.0017,0.521112,0.521155,ok,
model.4.m.1.cv1,32,even,29,28,9.375,12.5,3154888,2312,0.0732,0.00882,4.438045,4.610892,4.604928,0.029083,0.962513,-0.172847,225.324433,216.877776,0.371472,0.357292,-0.01418,-3.8174,0.521112,0.502844,ok,
model.4.m.1.cv1,32,even,26,26,18.75,18.75,3153732,3468,0.1098,0.013229,4.438045,4.645753,4.657216,0.043079,0.955291,-0.207708,225.324433,215.250353,0.371472,0.338104,-0.033368,-8.9826,0.521112,0.478643,ok,
model.4.m.1.cv1,32,even,22,22,31.25,31.25,3151420,5780,0.1831,0.022049,4.438045,4.494101,4.494336,0.015125,0.987527,-0.056056,225.324433,222.513931,0.371472,0.32347,-0.048002,-12.9221,0.521112,0.460018,ok,
model.4.m.1.cv1,32,even,19,18,40.625,43.75,3149108,8092,0.2563,0.030869,4.438045,4.503369,4.502432,0.01494,0.985494,-0.065324,225.324433,222.055962,0.371472,0.275045,-0.096427,-25.9581,0.521112,0.395534,ok,
model.4.m.1.cv1,32,even,16,16,50.0,50.0,3147952,9248,0.2929,0.035278,4.438045,4.549516,4.525568,0.062041,0.975498,-0.11147,225.324433,219.803625,0.371472,0.254359,-0.117113,-31.5267,0.521112,0.369213,ok,
model.4.m.1.cv1,32,even,13,12,59.375,62.5,3145640,11560,0.3661,0.044098,4.438045,4.807852,4.826144,0.044896,0.923083,-0.369807,225.324433,207.993078,0.371472,0.239787,-0.131685,-35.4496,0.521112,0.349344,ok,
model.4.m.1.cv1,32,even,10,10,68.75,68.75,3144484,12716,0.4028,0.048508,4.438045,4.697238,4.691968,0.0325,0.94482,-0.259192,225.324433,212.891083,0.371472,0.229108,-0.142364,-38.3242,0.521112,0.335592,ok,
model.4.m.1.cv1,32,even,6,6,81.25,81.25,3142172,15028,0.476,0.057327,4.438045,4.440776,4.4164,0.048225,0.999385,-0.002731,225.324433,225.185852,0.371472,0.189811,-0.181661,-48.903,0.521112,0.28189,ok,
model.4.m.1.cv1,32,even,3,2,90.625,93.75,3139860,17340,0.5492,0.066147,4.438045,4.571468,4.585536,0.054003,0.970814,-0.133423,225.324433,218.748114,0.371472,0.155309,-0.216163,-58.191,0.521112,0.232607,ok,
model.4.m.1.cv1,32,even,1,2,96.875,93.75,3139860,17340,0.5492,0.066147,4.438045,4.450529,4.434864,0.051633,0.997195,-0.012484,225.324433,224.692409,0.371472,0.155309,-0.216163,-58.191,0.521112,0.232607,ok,
model.4.m.1.cv1,32,odd,32,31,0.0,3.125,3156622,578,0.0183,0.002205,4.438045,4.675511,4.670464,0.031271,0.949211,-0.237466,225.324433,213.88037,0.371472,0.370748,-0.000724,-0.1949,0.521112,0.519407,ok,
model.4.m.1.cv1,32,odd,29,29,9.375,9.375,3155466,1734,0.0549,0.006615,4.438045,4.490835,4.518944,0.053,0.988245,-0.05279,225.324433,222.675736,0.371472,0.364223,-0.007249,-1.9514,0.521112,0.511186,ok,
model.4.m.1.cv1,32,odd,26,25,18.75,21.875,3153154,4046,0.1282,0.015434,4.438045,4.500239,4.523088,0.049128,0.98618,-0.062194,225.324433,222.210418,0.371472,0.334122,-0.03735,-10.0546,0.521112,0.473024,ok,
model.4.m.1.cv1,32,odd,22,21,31.25,34.375,3150842,6358,0.2014,0.024254,4.438045,4.44522,4.425728,0.041316,0.998386,-0.007175,225.324433,224.960729,0.371472,0.311979,-0.059493,-16.0155,0.521112,0.444213,ok,
model.4.m.1.cv1,32,odd,19,19,40.625,40.625,3149686,7514,0.238,0.028664,4.438045,4.542055,4.5676,0.052282,0.977101,-0.10401,225.324433,220.164643,0.371472,0.28632,-0.085153,-22.923,0.521112,0.410491,ok,
model.4.m.1.cv1,32,odd,16,15,50.0,53.125,3147374,9826,0.3112,0.037483,4.438045,4.987452,4.979824,0.031816,0.889842,-0.549407,225.324433,200.503169,0.371472,0.246953,-0.124519,-33.5205,0.521112,0.358934,ok,
model.4.m.1.cv1,32,odd,13,13,59.375,59.375,3146218,10982,0.3478,0.041893,4.438045,4.625895,4.625472,0.020841,0.959392,-0.18785,225.324433,216.174389,0.371472,0.243936,-0.127537,-34.3327,0.521112,0.355031,ok,
model.4.m.1.cv1,32,odd,10,9,68.75,71.875,3143906,13294,0.4211,0.050713,4.438045,4.482547,4.471728,0.032429,0.990072,-0.044501,225.324433,223.087476,0.371472,0.21547,-0.156003,-41.9958,0.521112,0.317546,ok,
model.4.m.1.cv1,32,odd,6,5,81.25,84.375,3141594,15606,0.4943,0.059532,4.438045,4.44733,4.464,0.056392,0.997912,-0.009285,225.324433,224.854018,0.371472,0.188267,-0.183205,-49.3186,0.521112,0.279748,ok,
model.4.m.1.cv1,32,odd,3,3,90.625,90.625,3140438,16762,0.5309,0.063942,4.438045,4.47099,4.468832,0.01666,0.992631,-0.032945,225.324433,223.664098,0.371472,0.165821,-0.205651,-55.3612,0.521112,0.248251,ok,
model.4.m.1.cv1,32,odd,1,1,96.875,96.875,3139282,17918,0.5675,0.068352,4.438045,4.669803,4.667408,0.014497,0.950371,-0.231758,225.324433,214.141808,0.371472,0.140633,-0.230839,-62.1417,0.521112,0.211745,ok,
model.2.m.0.cv1,16,any,16,16,0.0,0.0,3157200,0,0.0,0.0,4.438045,4.550255,4.54144,0.080975,0.97534,-0.11221,225.324433,219.767901,0.371472,0.371479,6e-06,0.0017,0.521112,0.521155,ok,
model.2.m.0.cv1,16,any,14,14,12.5,12.5,3156620,580,0.0184,0.002213,4.438045,4.837416,4.856336,0.091866,0.917441,-0.399371,225.324433,206.721949,0.371472,0.367973,-0.003499,-0.9419,0.521112,0.517108,ok,
model.2.m.0.cv1,16,any,13,13,18.75,18.75,3156330,870,0.0276,0.003319,4.438045,4.909513,4.901744,0.028817,0.903969,-0.471468,225.324433,203.686199,0.371472,0.361492,-0.00998,-2.6867,0.521112,0.509597,ok,
model.2.m.0.cv1,16,any,11,11,31.25,31.25,3155750,1450,0.0459,0.005531,4.438045,4.565085,4.555776,0.038986,0.972171,-0.12704,225.324433,219.053974,0.371472,0.348107,-0.023365,-6.2898,0.521112,0.493283,ok,
model.2.m.0.cv1,16,any,10,10,37.5,37.5,3155460,1740,0.0551,0.006638,4.438045,4.608541,4.588624,0.195893,0.963004,-0.170496,225.324433,216.988393,0.371472,0.329477,-0.041995,-11.3051,0.521112,0.469878,ok,
model.2.m.0.cv1,16,any,8,8,50.0,50.0,3154880,2320,0.0735,0.00885,4.438045,4.441379,4.436144,0.027175,0.999249,-0.003334,225.324433,225.155277,0.371472,0.302587,-0.068885,-18.5439,0.521112,0.434399,ok,
model.2.m.0.cv1,16,any,6,6,62.5,62.5,3154300,2900,0.0919,0.011063,4.438045,4.557389,4.549632,0.031168,0.973813,-0.119344,225.324433,219.423887,0.371472,0.298428,-0.073045,-19.6635,0.521112,0.428554,ok,
model.2.m.0.cv1,16,any,5,5,68.75,68.75,3154010,3190,0.101,0.012169,4.438045,4.637468,4.629504,0.027632,0.956997,-0.199423,225.324433,215.634918,0.371472,0.283638,-0.087834,-23.6449,0.521112,0.410748,ok,
model.2.m.0.cv1,16,any,3,3,81.25,81.25,3153430,3770,0.1194,0.014381,4.438045,4.678909,4.675152,0.017458,0.948521,-0.240864,225.324433,213.725046,0.371472,0.170971,-0.200501,-53.9748,0.521112,0.263322,ok,
model.2.m.0.cv1,16,any,2,2,87.5,87.5,3153140,4060,0.1286,0.015488,4.438045,4.532313,4.512208,0.04337,0.979201,-0.094268,225.324433,220.637874,0.371472,0.171228,-0.200244,-53.9055,0.521112,0.26302,ok,
model.2.m.0.cv1,16,any,1,1,93.75,93.75,3152850,4350,0.1378,0.016594,4.438045,4.48708,4.47232,0.054583,0.989072,-0.049035,225.324433,222.862092,0.371472,0.179104,-0.192369,-51.7855,0.521112,0.271917,ok,
model.2.m.0.cv1,16,even,16,16,0.0,0.0,3157200,0,0.0,0.0,4.438045,5.158583,5.15072,0.038754,0.860323,-0.720538,225.324433,193.851688,0.371472,0.371479,6e-06,0.0017,0.521112,0.521155,ok,
model.2.m.0.cv1,16,even,14,14,12.5,12.5,3156620,580,0.0184,0.002213,4.438045,4.607056,4.605952,0.014702,0.963315,-0.169011,225.324433,217.058356,0.371472,0.367973,-0.003499,-0.9419,0.521112,0.517108,ok,
model.2.m.0.cv1,16,even,13,12,18.75,25.0,3156040,1160,0.0367,0.004425,4.438045,4.637268,4.636544,0.086917,0.957039,-0.199222,225.324433,215.644234,0.371472,0.358809,-0.012663,-3.4089,0.521112,0.506163,ok,
model.2.m.0.cv1,16,even,11,10,31.25,37.5,3155460,1740,0.0551,0.006638,4.438045,4.608988,4.627984,0.04617,0.962911,-0.170943,225.324433,216.967361,0.371472,0.329477,-0.041995,-11.3051,0.521112,0.469878,ok,
model.2.m.0.cv1,16,even,10,10,37.5,37.5,3155460,1740,0.0551,0.006638,4.438045,4.569279,4.56704,0.019091,0.971279,-0.131233,225.324433,218.852931,0.371472,0.329477,-0.041995,-11.3051,0.521112,0.469878,ok,
model.2.m.0.cv1,16,even,8,8,50.0,50.0,3154880,2320,0.0735,0.00885,4.438045,4.544679,4.522656,0.054997,0.976537,-0.106634,225.324433,220.037557,0.371472,0.302587,-0.068885,-18.5439,0.521112,0.434399,ok,
model.2.m.0.cv1,16,even,6,6,62.5,62.5,3154300,2900,0.0919,0.011063,4.438045,4.455238,4.44408,0.076061,0.996141,-0.017193,225.324433,224.454888,0.371472,0.298428,-0.073045,-19.6635,0.521112,0.428554,ok,
model.2.m.0.cv1,16,even,5,4,68.75,75.0,3153720,3480,0.1102,0.013275,4.438045,4.617161,4.584448,0.061271,0.961206,-0.179116,225.324433,216.583309,0.371472,0.257855,-0.113617,-30.5855,0.521112,0.37728,ok,
model.2.m.0.cv1,16,even,3,2,81.25,87.5,3153140,4060,0.1286,0.015488,4.438045,4.574511,4.586672,0.040047,0.970168,-0.136466,225.324433,218.602583,0.371472,0.171228,-0.200244,-53.9055,0.521112,0.26302,ok,
model.2.m.0.cv1,16,even,2,2,87.5,87.5,3153140,4060,0.1286,0.015488,4.438045,4.495646,4.472832,0.074824,0.987187,-0.057601,225.324433,222.437431,0.371472,0.171228,-0.200244,-53.9055,0.521112,0.26302,ok,
model.2.m.0.cv1,16,even,1,2,93.75,87.5,3153140,4060,0.1286,0.015488,4.438045,4.475315,4.473408,0.018152,0.991672,-0.03727,225.324433,223.44794,0.371472,0.171228,-0.200244,-53.9055,0.521112,0.26302,ok,
model.2.m.0.cv1,16,odd,16,15,0.0,6.25,3156910,290,0.0092,0.001106,4.438045,4.556103,4.550512,0.024511,0.974088,-0.118058,225.324433,219.485802,0.371472,0.370354,-0.001118,-0.3011,0.521112,0.520142,ok,
model.2.m.0.cv1,16,odd,14,13,12.5,18.75,3156330,870,0.0276,0.003319,4.438045,4.51124,4.481584,0.051184,0.983775,-0.073195,225.324433,221.668536,0.371472,0.361492,-0.00998,-2.6867,0.521112,0.509597,ok,
model.2.m.0.cv1,16,odd,13,13,18.75,18.75,3156330,870,0.0276,0.003319,4.438045,4.604024,4.549024,0.11882,0.963949,-0.165979,225.324433,217.201315,0.371472,0.361492,-0.00998,-2.6867,0.521112,0.509597,ok,
model.2.m.0.cv1,16,odd,11,11,31.25,31.25,3155750,1450,0.0459,0.005531,4.438045,4.574464,4.571136,0.016686,0.970178,-0.136419,225.324433,218.604839,0.371472,0.348107,-0.023365,-6.2898,0.521112,0.493283,ok,
model.2.m.0.cv1,16,odd,10,9,37.5,43.75,3155170,2030,0.0643,0.007744,4.438045,4.494193,4.48512,0.084301,0.987507,-0.056148,225.324433,222.509368,0.371472,0.305218,-0.066255,-17.8357,0.521112,0.43801,ok,
model.2.m.0.cv1,16,odd,8,7,50.0,56.25,3154590,2610,0.0827,0.009956,4.438045,4.524353,4.513792,0.038115,0.980924,-0.086308,225.324433,221.026072,0.371472,0.303286,-0.068186,-18.3557,0.521112,0.434922,ok,
model.2.m.0.cv1,16,odd,6,5,62.5,68.75,3154010,3190,0.101,0.012169,4.438045,4.600105,4.598784,0.014862,0.96477,-0.16206,225.324433,217.386328,0.371472,0.283638,-0.087834,-23.6449,0.521112,0.410748,ok,
model.2.m.0.cv1,16,odd,5,5,68.75,68.75,3154010,3190,0.101,0.012169,4.438045,4.551606,4.544,0.028994,0.97505,-0.11356,225.324433,219.702692,0.371472,0.283638,-0.087834,-23.6449,0.521112,0.410748,ok,
model.2.m.0.cv1,16,odd,3,3,81.25,81.25,3153430,3770,0.1194,0.014381,4.438045,4.558708,4.502288,0.13045,0.973531,-0.120663,225.324433,219.360397,0.371472,0.170971,-0.200501,-53.9748,0.521112,0.263322,ok,
model.2.m.0.cv1,16,odd,2,1,87.5,93.75,3152850,4350,0.1378,0.016594,4.438045,4.615142,4.609024,0.030811,0.961627,-0.177097,225.324433,216.678045,0.371472,0.179104,-0.192369,-51.7855,0.521112,0.271917,ok,
model.2.m.0.cv1,16,odd,1,1,93.75,93.75,3152850,4350,0.1378,0.016594,4.438045,4.490277,4.506528,0.044231,0.988368,-0.052232,225.324433,222.703428,0.371472,0.179104,-0.192369,-51.7855,0.521112,0.271917,ok,
model.4.cv2,64,any,64,64,0.0,0.0,3157200,0,0.0,0.0,4.438045,4.485544,4.479984,0.02641,0.989411,-0.047499,225.324433,222.938392,0.371472,0.371479,6e-06,0.0017,0.521112,0.521155,ok,
model.4.cv2,64,any,58,58,9.375,9.375,3149124,8076,0.2558,0.030807,4.438045,4.738057,4.656608,0.187485,0.93668,-0.300012,225.324433,211.056967,0.371472,0.358865,-0.012608,-3.394,0.521112,0.504054,ok,
model.4.cv2,64,any,51,51,20.3125,20.3125,3139702,17498,0.5542,0.06675,4.438045,4.567899,4.573376,0.051213,0.971572,-0.129854,225.324433,218.919016,0.371472,0.335199,-0.036273,-9.7647,0.521112,0.469873,ok,
model.4.cv2,64,any,45,45,29.6875,29.6875,3131626,25574,0.81,0.097557,4.438045,4.392396,4.388656,0.021827,1.010393,0.04565,225.324433,227.666201,0.371472,0.303769,-0.067703,-18.2255,0.521112,0.432854,ok,
model.4.cv2,64,any,38,38,40.625,40.625,3122204,34996,1.1085,0.133499,4.438045,4.430501,4.42128,0.032699,1.001703,0.007544,225.324433,225.708094,0.371472,0.15259,-0.218882,-58.9228,0.521112,0.229972,ok,
model.4.cv2,64,any,32,32,50.0,50.0,3114128,43072,1.3642,0.164307,4.438045,4.612544,4.606112,0.02891,0.962169,-0.174499,225.324433,216.800114,0.371472,0.074276,-0.297196,-80.0049,0.521112,0.115637,ok,
model.4.cv2,64,any,26,26,59.375,59.375,3106052,51148,1.62,0.195114,4.438045,4.625749,4.535888,0.174746,0.959422,-0.187704,225.324433,216.181209,0.371472,0.017138,-0.354335,-95.3865,0.521112,0.027361,ok,
model.4.cv2,64,any,19,19,70.3125,70.3125,3096630,60570,1.9185,0.231056,4.438045,4.841818,4.841472,0.01581,0.916607,-0.403773,225.324433,206.534003,0.371472,0.005258,-0.366214,-98.5844,0.521112,0.009777,ok,
model.4.cv2,64,any,13,13,79.6875,79.6875,3088554,68646,2.1743,0.261864,4.438045,4.873128,4.879312,0.131698,0.910718,-0.435083,225.324433,205.206991,0.371472,0.001262,-0.37021,-99.6602,0.521112,0.00297,ok,
model.4.cv2,64,any,6,6,90.625,90.625,3079132,78068,2.4727,0.297806,4.438045,4.445213,4.472832,0.053502,0.998387,-0.007168,225.324433,224.961085,0.371472,0.00133,-0.370142,-99.6418,0.521112,0.002838,ok,
model.4.cv2,64,any,1,1,98.4375,98.4375,3072402,84798,2.6859,0.323479,4.438045,4.583238,4.578384,0.029451,0.968321,-0.145193,225.324433,218.186344,0.371472,0.000579,-0.370893,-99.8441,0.521112,0.00115,ok,
model.4.cv2,64,even,64,64,0.0,0.0,3157200,0,0.0,0.0,4.438045,4.475241,4.47488,0.016836,0.991689,-0.037196,225.324433,223.451671,0.371472,0.371479,6e-06,0.0017,0.521112,0.521155,ok,
model.4.cv2,64,even,58,58,9.375,9.375,3149124,8076,0.2558,0.030807,4.438045,4.579079,4.574208,0.02475,0.9692,-0.141034,225.324433,218.38454,0.371472,0.358865,-0.012608,-3.394,0.521112,0.504054,ok,
model.4.cv2,64,even,51,50,20.3125,21.875,3138356,18844,0.5969,0.071884,4.438045,4.52427,4.521456,0.022584,0.980942,-0.086225,225.324433,221.030122,0.371472,0.328675,-0.042798,-11.5211,0.521112,0.463798,ok,
model.4.cv2,64,even,45,44,29.6875,31.25,3130280,26920,0.8527,0.102692,4.438045,4.601832,4.5968,0.023212,0.964408,-0.163786,225.324433,217.304783,0.371472,0.288586,-0.082886,-22.3128,0.521112,0.417301,ok,
model.4.cv2,64,even,38,38,40.625,40.625,3122204,34996,1.1085,0.133499,4.438045,4.601909,4.589648,0.037788,0.964392,-0.163864,225.324433,217.301118,0.371472,0.15259,-0.218882,-58.9228,0.521112,0.229972,ok,
model.4.cv2,64,even,32,32,50.0,50.0,3114128,43072,1.3642,0.164307,4.438045,4.783143,4.929456,0.18743,0.927851,-0.345097,225.324433,209.067572,0.371472,0.074276,-0.297196,-80.0049,0.521112,0.115637,ok,
model.4.cv2,64,even,26,26,59.375,59.375,3106052,51148,1.62,0.195114,4.438045,5.066268,5.073328,0.048831,0.875999,-0.628223,225.324433,197.383952,0.371472,0.017138,-0.354335,-95.3865,0.521112,0.027361,ok,
model.4.cv2,64,even,19,18,70.3125,71.875,3095284,61916,1.9611,0.236191,4.438045,4.783751,4.868128,0.147909,0.927733,-0.345706,225.324433,209.040993,0.371472,0.00469,-0.366782,-98.7374,0.521112,0.009057,ok,
model.4.cv2,64,even,13,12,79.6875,81.25,3087208,69992,2.2169,0.266998,4.438045,4.890642,5.027408,0.200019,0.907457,-0.452597,225.324433,204.472136,0.371472,0.002002,-0.36947,-99.4611,0.521112,0.004363,ok,
model.4.cv2,64,even,6,6,90.625,90.625,3079132,78068,2.4727,0.297806,4.438045,4.513337,4.502944,0.034801,0.983318,-0.075292,225.324433,221.565537,0.371472,0.00133,-0.370142,-99.6418,0.521112,0.002838,ok,
model.4.cv2,64,even,1,2,98.4375,96.875,3073748,83452,2.6432,0.318344,4.438045,4.579701,4.573184,0.026734,0.969069,-0.141656,225.324433,218.354884,0.371472,0.000711,-0.370762,-99.8087,0.521112,0.001363,ok,
model.4.cv2,64,odd,64,63,0.0,1.5625,3155854,1346,0.0426,0.005135,4.438045,4.518991,4.512704,0.030499,0.982088,-0.080946,225.324433,221.288326,0.371472,0.370256,-0.001217,-0.3275,0.521112,0.519577,ok,
model.4.cv2,64,odd,58,57,9.375,10.9375,3147778,9422,0.2984,0.035942,4.438045,4.616296,4.614592,0.017565,0.961387,-0.178251,225.324433,216.623868,0.371472,0.354826,-0.016646,-4.4811,0.521112,0.498886,ok,
model.4.cv2,64,odd,51,51,20.3125,20.3125,3139702,17498,0.5542,0.06675,4.438045,4.602756,4.597312,0.024437,0.964215,-0.164711,225.324433,217.261144,0.371472,0.335199,-0.036273,-9.7647,0.521112,0.469873,ok,
model.4.cv2,64,odd,45,45,29.6875,29.6875,3131626,25574,0.81,0.097557,4.438045,4.522776,4.521376,0.0157,0.981266,-0.08473,225.324433,221.103169,0.371472,0.303769,-0.067703,-18.2255,0.521112,0.432854,ok,
model.4.cv2,64,odd,38,37,40.625,42.1875,3120858,36342,1.1511,0.138634,4.438045,4.882793,4.87424,0.033106,0.908915,-0.444748,225.324433,204.800819,0.371472,0.144055,-0.227418,-61.2206,0.521112,0.216557,ok,
model.4.cv2,64,odd,32,31,50.0,51.5625,3112782,44418,1.4069,0.169441,4.438045,5.078779,5.071888,0.032873,0.873841,-0.640733,225.324433,196.897736,0.371472,0.04717,-0.324302,-87.3018,0.521112,0.074669,ok,
model.4.cv2,64,odd,26,25,59.375,60.9375,3104706,52494,1.6627,0.200249,4.438045,4.707399,4.644864,0.174711,0.942781,-0.269354,225.324433,212.431541,0.371472,0.017867,-0.353605,-95.1902,0.521112,0.027793,ok,
model.4.cv2,64,odd,19,19,70.3125,70.3125,3096630,60570,1.9185,0.231056,4.438045,4.599189,4.59264,0.02799,0.964963,-0.161144,225.324433,217.42964,0.371472,0.005258,-0.366214,-98.5844,0.521112,0.009777,ok,
model.4.cv2,64,odd,13,13,79.6875,79.6875,3088554,68646,2.1743,0.261864,4.438045,4.558971,4.558016,0.015896,0.973475,-0.120926,225.324433,219.347734,0.371472,0.001262,-0.37021,-99.6602,0.521112,0.00297,ok,
model.4.cv2,64,odd,6,5,90.625,92.1875,3077786,79414,2.5153,0.30294,4.438045,4.616124,4.708352,0.175489,0.961422,-0.178079,225.324433,216.63197,0.371472,0.001287,-0.370185,-99.6535,0.521112,0.003216,ok,
model.4.cv2,64,odd,1,1,98.4375,98.4375,3072402,84798,2.6859,0.323479,4.438045,4.574432,4.56808,0.029459,0.970185,-0.136387,225.324433,218.606383,0.371472,0.000579,-0.370893,-99.8441,0.521112,0.00115,ok,
model.0,16,any,16,16,0.0,0.0,3157200,0,0.0,0.0,4.438045,4.526308,4.512768,0.037054,0.9805,-0.088262,225.324433,220.930637,0.371472,0.371479,6e-06,0.0017,0.521112,0.521155,ok,
model.0,16,any,14,14,12.5,12.5,3156566,634,0.0201,0.002419,4.438045,4.508018,4.488848,0.04485,0.984478,-0.069972,225.324433,221.826995,0.371472,0.362305,-0.009168,-2.4679,0.521112,0.509644,ok,
model.0,16,any,13,13,18.75,18.75,3156249,951,0.0301,0.003628,4.438045,4.57417,4.570112,0.021146,0.97024,-0.136125,225.324433,218.618877,0.371472,0.360356,-0.011117,-2.9926,0.521112,0.507098,ok,
model.0,16,any,11,11,31.25,31.25,3155615,1585,0.0502,0.006046,4.438045,4.421884,4.41528,0.034752,1.003655,0.016161,225.324433,226.147966,0.371472,0.34734,-0.024133,-6.4964,0.521112,0.489369,ok,
model.0,16,any,10,10,37.5,37.5,3155298,1902,0.0602,0.007256,4.438045,4.601164,4.59472,0.02919,0.964548,-0.163119,225.324433,217.336302,0.371472,0.331728,-0.039744,-10.6992,0.521112,0.471336,ok,
model.0,16,any,8,8,50.0,50.0,3154664,2536,0.0803,0.009674,4.438045,4.485572,4.477968,0.032909,0.989404,-0.047527,225.324433,222.936999,0.371472,0.2792,-0.092272,-24.8396,0.521112,0.399462,ok,
model.0,16,any,6,6,62.5,62.5,3154030,3170,0.1004,0.012093,4.438045,4.650348,4.545536,0.179693,0.954347,-0.212303,225.324433,215.037647,0.371472,0.266229,-0.105243,-28.3313,0.521112,0.386755,ok,
model.0,16,any,5,5,68.75,68.75,3153713,3487,0.1104,0.013302,4.438045,4.574011,4.597248,0.048652,0.970274,-0.135966,225.324433,218.626494,0.371472,0.261768,-0.109704,-29.5323,0.521112,0.380241,ok,
model.0,16,any,3,3,81.25,81.25,3153079,4121,0.1305,0.01572,4.438045,4.423759,4.397056,0.047883,1.003229,0.014286,225.324433,226.052094,0.371472,0.083627,-0.287845,-77.4876,0.521112,0.132394,ok,
model.0,16,any,2,2,87.5,87.5,3152762,4438,0.1406,0.01693,4.438045,4.606987,4.600272,0.036757,0.963329,-0.168941,225.324433,217.061627,0.371472,0.011076,-0.360396,-97.0183,0.521112,0.019295,ok,
model.0,16,any,1,1,93.75,93.75,3152445,4755,0.1506,0.018139,4.438045,4.556592,4.554752,0.018072,0.973983,-0.118547,225.324433,219.46225,0.371472,0.000127,-0.371345,-99.9657,0.521112,0.000331,ok,
model.0,16,even,16,16,0.0,0.0,3157200,0,0.0,0.0,4.438045,4.484326,4.464464,0.079423,0.98968,-0.04628,225.324433,222.998972,0.371472,0.371479,6e-06,0.0017,0.521112,0.521155,ok,
model.0,16,even,14,14,12.5,12.5,3156566,634,0.0201,0.002419,4.438045,4.427643,4.420896,0.02755,1.002349,0.010402,225.324433,225.85379,0.371472,0.362305,-0.009168,-2.4679,0.521112,0.509644,ok,
model.0,16,even,13,12,18.75,25.0,3155932,1268,0.0402,0.004837,4.438045,4.657224,4.654064,0.023108,0.952938,-0.219179,225.324433,214.720192,0.371472,0.355924,-0.015548,-4.1855,0.521112,0.500633,ok,
model.0,16,even,11,10,31.25,37.5,3155298,1902,0.0602,0.007256,4.438045,4.468377,4.4544,0.055699,0.993212,-0.030332,225.324433,223.794897,0.371472,0.331728,-0.039744,-10.6992,0.521112,0.471336,ok,
model.0,16,even,10,10,37.5,37.5,3155298,1902,0.0602,0.007256,4.438045,4.666853,4.6592,0.025587,0.950972,-0.228808,225.324433,214.277174,0.371472,0.331728,-0.039744,-10.6992,0.521112,0.471336,ok,
model.0,16,even,8,8,50.0,50.0,3154664,2536,0.0803,0.009674,4.438045,4.416412,4.38784,0.092962,1.004898,0.021633,225.324433,226.428168,0.371472,0.2792,-0.092272,-24.8396,0.521112,0.399462,ok,
model.0,16,even,6,6,62.5,62.5,3154030,3170,0.1004,0.012093,4.438045,4.486528,4.484016,0.022533,0.989194,-0.048483,225.324433,222.889488,0.371472,0.266229,-0.105243,-28.3313,0.521112,0.386755,ok,
model.0,16,even,5,4,68.75,75.0,3153396,3804,0.1205,0.014511,4.438045,4.372182,4.370432,0.014516,1.015064,0.065863,225.324433,228.718754,0.371472,0.259734,-0.111738,-30.0797,0.521112,0.379402,ok,
model.0,16,even,3,2,81.25,87.5,3152762,4438,0.1406,0.01693,4.438045,4.610738,4.588544,0.054487,0.962546,-0.172693,225.324433,216.885031,0.371472,0.011076,-0.360396,-97.0183,0.521112,0.019295,ok,
model.0,16,even,2,2,87.5,87.5,3152762,4438,0.1406,0.01693,4.438045,4.606456,4.606016,0.016735,0.96344,-0.16841,225.324433,217.086651,0.371472,0.011076,-0.360396,-97.0183,0.521112,0.019295,ok,
model.0,16,even,1,2,93.75,87.5,3152762,4438,0.1406,0.01693,4.438045,4.494742,4.494208,0.014812,0.987386,-0.056697,225.324433,222.482183,0.371472,0.011076,-0.360396,-97.0183,0.521112,0.019295,ok,
model.0,16,odd,16,15,0.0,6.25,3156883,317,0.01,0.001209,4.438045,4.539676,4.528128,0.0342,0.977613,-0.101631,225.324433,220.280053,0.371472,0.365299,-0.006174,-1.6619,0.521112,0.512963,ok,
model.0,16,odd,14,13,12.5,18.75,3156249,951,0.0301,0.003628,4.438045,4.499219,4.512768,0.042131,0.986403,-0.061174,225.324433,222.260779,0.371472,0.360356,-0.011117,-2.9926,0.521112,0.507098,ok,
model.0,16,odd,13,13,18.75,18.75,3156249,951,0.0301,0.003628,4.438045,4.634864,4.6464,0.044415,0.957535,-0.196819,225.324433,215.756046,0.371472,0.360356,-0.011117,-2.9926,0.521112,0.507098,ok,
model.0,16,odd,11,11,31.25,31.25,3155615,1585,0.0502,0.006046,4.438045,4.575301,4.574208,0.014701,0.970001,-0.137256,225.324433,218.564872,0.371472,0.34734,-0.024133,-6.4964,0.521112,0.489369,ok,
model.0,16,odd,10,9,37.5,43.75,3154981,2219,0.0703,0.008465,4.438045,4.556326,4.552704,0.023261,0.97404,-0.118281,225.324433,219.475089,0.371472,0.294254,-0.077218,-20.7871,0.521112,0.419724,ok,
model.0,16,odd,8,7,50.0,56.25,3154347,2853,0.0904,0.010883,4.438045,4.549047,4.547824,0.01553,0.975599,-0.111002,225.324433,219.826275,0.371472,0.286853,-0.08462,-22.7796,0.521112,0.41133,ok,
model.0,16,odd,6,5,62.5,68.75,3153713,3487,0.1104,0.013302,4.438045,4.757978,4.617152,0.201514,0.932759,-0.319933,225.324433,210.173302,0.371472,0.261768,-0.109704,-29.5323,0.521112,0.380241,ok,
model.0,16,odd,5,5,68.75,68.75,3153713,3487,0.1104,0.013302,4.438045,4.488589,4.512208,0.052861,0.988739,-0.050544,225.324433,222.787156,0.371472,0.261768,-0.109704,-29.5323,0.521112,0.380241,ok,
model.0,16,odd,3,3,81.25,81.25,3153079,4121,0.1305,0.01572,4.438045,4.519456,4.514816,0.02511,0.981987,-0.081411,225.324433,221.265584,0.371472,0.083627,-0.287845,-77.4876,0.521112,0.132394,ok,
model.0,16,odd,2,1,87.5,93.75,3152445,4755,0.1506,0.018139,4.438045,4.532508,4.501616,0.086582,0.979159,-0.094463,225.324433,220.628418,0.371472,0.000127,-0.371345,-99.9657,0.521112,0.000331,ok,
model.0,16,odd,1,1,93.75,93.75,3152445,4755,0.1506,0.018139,4.438045,4.59425,4.56184,0.117159,0.966,-0.156204,225.324433,217.663403,0.371472,0.000127,-0.371345,-99.9657,0.521112,0.000331,ok,
